"fungal_family","negative","positive","total"
NA,310,227,537
"f__Saccotheciaceae",81,37,118
"f__Dothioraceae",61,37,98
"f__Valsaceae",28,52,80
"f__Mycosphaerellaceae",41,16,57
"f__Dothideaceae",30,21,51
"f__Cryptococcaceae",24,24,48
"f__Taphrinaceae",29,14,43
"f__Diatrypaceae",7,33,40
"f__Bulleribasidiaceae",28,10,38
"f__Herpotrichiellaceae",23,12,35
"f__Microstromatales_fam_Incertae_sedis",27,7,34
"f__Bulleraceae",17,16,33
"f__Helotiales_fam_Incertae_sedis",21,12,33
"f__Peniophoraceae",30,2,32
"f__Cucurbitariaceae",19,9,28
"f__Filobasidiaceae",8,17,25
"f__Microbotryomycetes_fam_Incertae_sedis",9,14,23
"f__Rhytismataceae",5,18,23
"f__Sclerotiniaceae",9,14,23
"f__Phaeomoniellaceae",14,8,22
"f__Cladosporiaceae",14,7,21
"f__Nectriaceae",10,11,21
"f__Phaeosphaeriaceae",10,9,19
"f__Teratosphaeriaceae",13,6,19
"f__Didymosphaeriaceae",13,5,18
"f__Lecanoraceae",9,9,18
"f__Schizoporaceae",10,8,18
"f__Irpicaceae",6,11,17
"f__Phanerochaetaceae",3,13,16
"f__Polyporaceae",3,13,16
"f__Sporidiobolaceae",13,2,15
"f__Fomitopsidaceae",4,10,14
"f__Rhynchogastremataceae",8,6,14
"f__Tympanidaceae",8,6,14
"f__Aspergillaceae",5,8,13
"f__Tremellaceae",7,6,13
"f__Didymellaceae",7,5,12
"f__Hyaloscyphaceae",5,7,12
"f__Pleosporaceae",5,6,11
"f__Dothideales_fam_Incertae_sedis",6,4,10
"f__Exobasidiaceae",4,6,10
"f__Gnomoniaceae",3,7,10
"f__Mrakiaceae",4,6,10
"f__Pleosporales_fam_Incertae_sedis",1,9,10
"f__Trichomeriaceae",8,2,10
"f__Capnodiales_fam_Incertae_sedis",3,6,9
"f__Dermateaceae",4,5,9
"f__Verrucariaceae",0,9,9
"f__Aureobasidiaceae",6,2,8
"f__Calosphaeriaceae",3,5,8
"f__Debaryomycetaceae",5,3,8
"f__Meripilaceae",4,4,8
"f__Meruliaceae",6,2,8
"f__Neoantennariellaceae",8,0,8
"f__Physciaceae",7,1,8
"f__Sordariomycetes_fam_Incertae_sedis",2,6,8
"f__Steccherinaceae",6,2,8
"f__Venturiaceae",2,6,8
"f__Cystofilobasidiaceae",2,5,7
"f__Elsinoaceae",7,0,7
"f__Ganodermataceae",5,2,7
"f__Parmeliaceae",3,4,7
"f__Phaeotremellaceae",4,3,7
"f__Pleurotaceae",4,3,7
"f__Tricholomataceae",3,4,7
"f__Coryneliaceae",1,5,6
"f__Exidiaceae",1,5,6
"f__Helotiaceae",2,4,6
"f__Hymenochaetaceae",2,4,6
"f__Hysteriaceae",5,1,6
"f__Lachnaceae",2,4,6
"f__Lentitheciaceae",4,2,6
"f__Lophiotremataceae",3,3,6
"f__Mycenaceae",3,3,6
"f__Mytilinidiaceae",1,5,6
"f__Phaffomycetaceae",6,0,6
"f__Psathyrellaceae",3,3,6
"f__Sareaceae",3,3,6
"f__Sirobasidiaceae",3,3,6
"f__Spirographaceae",4,2,6
"f__Symmetrosporaceae",5,1,6
"f__Togniniaceae",3,3,6
"f__Amphisphaeriaceae",3,2,5
"f__Catillariaceae",2,3,5
"f__Epibryaceae",2,3,5
"f__Graphostromataceae",1,4,5
"f__Hymenochaetales_fam_Incertae_sedis",1,4,5
"f__Melanommataceae",3,2,5
"f__Microstromataceae",4,1,5
"f__Rickenellaceae",1,4,5
"f__Sporocadaceae",4,1,5
"f__Tubulicrinaceae",1,4,5
"f__Caliciaceae",4,0,4
"f__Chaetothyriaceae",2,2,4
"f__Colacogloeaceae",3,1,4
"f__Cystobasidiaceae",4,0,4
"f__Erythrobasidiaceae",4,0,4
"f__Lophiostomataceae",1,3,4
"f__Mollisiaceae",4,0,4
"f__Orbiliaceae",2,2,4
"f__Phacidiaceae",2,2,4
"f__Radulomycetaceae",1,3,4
"f__Sebacinaceae",1,3,4
"f__Spizellomycetales_fam_Incertae_sedis",4,0,4
"f__Stereaceae",3,1,4
"f__Tremellales_fam_Incertae_sedis",3,1,4
"f__Trimorphomycetaceae",3,1,4
"f__Chrysozymaceae",3,0,3
"f__Corticiaceae",2,1,3
"f__Dacrymycetaceae",3,0,3
"f__Endosporiaceae",2,1,3
"f__Entolomataceae",2,1,3
"f__Filobasidiales_fam_Incertae_sedis",2,1,3
"f__Gloeocystidiellaceae",1,2,3
"f__Hypocreales_fam_Incertae_sedis",2,1,3
"f__Lachnocladiaceae",2,1,3
"f__Leucosporidiaceae",2,1,3
"f__Massarinaceae",2,1,3
"f__Melanopsaceae",3,0,3
"f__Mucoraceae",3,0,3
"f__Mycocaliciaceae",3,0,3
"f__Myriangiaceae",2,1,3
"f__Neodevriesiaceae",1,2,3
"f__Paracladophialophoraceae",2,1,3
"f__Patellariaceae",3,0,3
"f__Pezizomycotina_fam_Incertae_sedis",1,2,3
"f__Phaeococcomycetaceae",1,2,3
"f__Phleogenaceae",3,0,3
"f__Piskurozymaceae",3,0,3
"f__Plectosphaerellaceae",3,0,3
"f__Pseudeurotiaceae",1,2,3
"f__Pseudoperisporiaceae",3,0,3
"f__Schizophyllaceae",2,1,3
"f__Stictidaceae",1,2,3
"f__Strophariaceae",1,2,3
"f__Sympoventuriaceae",1,2,3
"f__Trichosporonaceae",3,0,3
"f__Vibrisseaceae",2,1,3
"f__Amylocorticiaceae",0,2,2
"f__Botryobasidiaceae",2,0,2
"f__Carcinomycetaceae",2,0,2
"f__Cerrenaceae",0,2,2
"f__Chaetomellaceae",2,0,2
"f__Chaetosphaeriaceae",2,0,2
"f__Chionosphaeraceae",1,1,2
"f__Clavicipitaceae",0,2,2
"f__Cordycipitaceae",1,1,2
"f__Coryneaceae",1,1,2
"f__Crepidotaceae",0,2,2
"f__Cudoniaceae",1,1,2
"f__Cuniculitremaceae",2,0,2
"f__Cylindriaceae",1,1,2
"f__Diaporthaceae",2,0,2
"f__Discinellaceae",2,0,2
"f__Entylomataceae",2,0,2
"f__Erythrogloeaceae",1,1,2
"f__Harknessiaceae",1,1,2
"f__Hyphodermataceae",2,0,2
"f__Jianyuniaceae",2,0,2
"f__Melanconiellaceae",0,2,2
"f__Mortierellaceae",2,0,2
"f__Ophiostomataceae",1,1,2
"f__Ostropales_fam_Incertae_sedis",1,1,2
"f__Pestalotiopsidaceae",2,0,2
"f__Pichiaceae",0,2,2
"f__Powellomycetaceae",2,0,2
"f__Pyronemataceae",1,1,2
"f__Rhamphoriaceae",1,1,2
"f__Saccharomycetales_fam_Incertae_sedis",1,1,2
"f__Scoliciosporaceae",0,2,2
"f__Scortechiniaceae",1,1,2
"f__Ustilaginaceae",1,1,2
"f__Xylariaceae",2,0,2
"f__Agaricostilbales_fam_Incertae_sedis",1,0,1
"f__Arthoniomycetes_fam_Incertae_sedis",1,0,1
"f__Ascosphaeraceae",1,0,1
"f__Auriscalpiaceae",1,0,1
"f__Boliniaceae",1,0,1
"f__Bondarzewiaceae",1,0,1
"f__Botryosphaeriaceae",1,0,1
"f__Byssocorticiaceae",1,0,1
"f__Calloriaceae",1,0,1
"f__Capnodiaceae",1,0,1
"f__Caudosporidae",0,1,1
"f__Chaetosphaeriales_fam_Incertae_sedis",0,1,1
"f__Chrysotrichaceae",1,0,1
"f__Cladoniaceae",0,1,1
"f__Clavulinaceae",1,0,1
"f__Coniochaetaceae",1,0,1
"f__Cordieritidaceae",1,0,1
"f__Cortinariaceae",0,1,1
"f__Coryneliales_fam_Incertae_sedis",0,1,1
"f__Cryphonectriaceae",0,1,1
"f__Cyphellophoraceae",0,1,1
"f__Cystobasidiomycetes_fam_Incertae_sedis",0,1,1
"f__Dactylosporaceae",1,0,1
"f__Dictyosporiaceae",1,0,1
"f__Dipodascaceae",1,0,1
"f__Dothidotthiaceae",1,0,1
"f__Elaphomycetaceae",1,0,1
"f__Erysiphaceae",0,1,1
"f__Fenestellaceae",0,1,1
"f__Geastraceae",1,0,1
"f__Gloeophyllaceae",0,1,1
"f__Hericiaceae",1,0,1
"f__Hyaloriaceae",0,1,1
"f__Hydnaceae",0,1,1
"f__Hygrophoraceae",1,0,1
"f__Hyphodontiaceae",1,0,1
"f__Hypocreaceae",1,0,1
"f__Incrustoporiaceae",1,0,1
"f__Lecanoromycetes_fam_Incertae_sedis",1,0,1
"f__Leotiaceae",1,0,1
"f__Lichenostigmatales_fam_Incertae_sedis",0,1,1
"f__Lindgomycetaceae",1,0,1
"f__Lipomycetaceae",1,0,1
"f__Lopadostomataceae",0,1,1
"f__Marthamycetaceae",0,1,1
"f__Melampsoraceae",1,0,1
"f__Melanconidaceae",1,0,1
"f__Microsporomycetaceae",0,1,1
"f__Naemateliaceae",1,0,1
"f__Nigrogranaceae",0,1,1
"f__Opegraphaceae",1,0,1
"f__Ophiocordycipitaceae",0,1,1
"f__Patellariales_fam_Incertae_sedis",1,0,1
"f__Pertusariaceae",1,0,1
"f__Phyllostictaceae",0,1,1
"f__Pisorisporiaceae",1,0,1
"f__Pleomonodictydaceae",0,1,1
"f__Ploettnerulaceae",1,0,1
"f__Podoscyphaceae",1,0,1
"f__Polyporales_fam_Incertae_sedis",0,1,1
"f__Pseudopyrenochaetaceae",0,1,1
"f__Pucciniaceae",1,0,1
"f__Punctulariaceae",0,1,1
"f__Ropalosporaceae",1,0,1
"f__Saccharomycetaceae",1,0,1
"f__Saccharomycodaceae",1,0,1
"f__Saccharomycopsidaceae",1,0,1
"f__Sarocladiaceae",1,0,1
"f__Sistotremastraceae",0,1,1
"f__Spiculogloeaceae",1,0,1
"f__Sporidesmiaceae",1,0,1
"f__Sporormiaceae",1,0,1
"f__Stereocaulaceae",0,1,1
"f__Strelitzianaceae",1,0,1
"f__Sydowiaceae",0,1,1
"f__Sydowiellaceae",0,1,1
"f__Teichosporaceae",0,1,1
"f__Thyridariaceae",0,1,1
"f__Thyridiaceae",0,1,1
"f__Trechisporales_fam_Incertae_sedis",0,1,1
"f__Tremellomycetes_fam_Incertae_sedis",1,0,1
"f__Trichomonascaceae",1,0,1
"f__Tricladiaceae",1,0,1
"f__Tubakiaceae",1,0,1
"f__Tubeufiaceae",1,0,1
"f__Umbilicariales_fam_Incertae_sedis",1,0,1
"f__Wiesneriomycetaceae",1,0,1
"f__Xenasmataceae",1,0,1
"f__Xylariales_fam_Incertae_sedis",1,0,1
