"grid","beetle","fungal_unit","n_samples","beetle_n","fungus_n","shared_n","beetle_only","fungus_only","both_absent","jaccard","exp_jaccard_null","sd_jaccard_null","z_score","p_pos","p_neg","p_perm","q_perm","p_fisher","q_fisher","direction","beetle_is_target"
"genus","Ambrosiophilus atratus","Graphilbum",69,4,20,2,2,18,47,0.0909090909090909,0.067501000641484,0.0354715339302626,0.659911982200361,0.512,0.932,1,1,0.573765675227675,0.935391966058339,"co-occurring",FALSE
"genus","Ambrosiophilus atratus","Leptographium",69,4,20,2,2,18,47,0.0909090909090909,0.0555410398592857,0.0363253565989264,0.973646355087689,0.3595,0.9555,0.719,1,0.573765675227675,0.935391966058339,"co-occurring",FALSE
"genus","Ambrosiophilus atratus","Ceratocystiopsis",69,4,21,2,2,19,46,0.0869565217391304,0.0781219708291927,0.0376535443896108,0.234627338625135,0.648,0.8315,1,1,0.579854737010136,0.935391966058339,"co-occurring",FALSE
"genus","Ambrosiophilus atratus","Sporothrix",69,4,34,3,1,31,34,0.0857142857142857,0.0552135910991825,0.0247902814760704,1.23034886249859,0.264,0.9765,0.528,1,0.356478477179321,0.776940270775443,"co-occurring",FALSE
"genus","Ambrosiophilus atratus","Any Ophiostomatales",69,4,44,3,1,41,24,0.0666666666666667,0.0545788690605772,0.0174447282295426,0.692919800585877,0.5025,0.9355,1,1,1,1,"co-occurring",FALSE
"genus","Ambrosiophilus atratus","Grosmannia",69,4,18,1,3,17,48,0.0476190476190476,0.0413968889206517,0.0342059620936071,0.181902753717861,0.678,0.826,1,1,1,1,"co-occurring",FALSE
"genus","Ambrosiophilus atratus","Ophiostoma",69,4,23,1,3,22,43,0.0384615384615385,0.0569246161542297,0.0340639886591325,-0.54201162046657,0.8705,0.529,1,1,1,1,"avoiding",FALSE
"genus","Ambrosiophilus atratus","Hawksworthiomyces",69,4,10,0,4,10,55,0,0.060517438206284,0.0555827072480883,-1.08878176689325,1,0.377,0.754,1,1,1,"avoiding",FALSE
"genus","Ambrosiophilus atratus","Raffaelea",69,4,10,0,4,10,55,0,0.0605028621536888,0.0601159140805334,-1.00643669948422,1,0.401,0.802,1,1,1,"avoiding",FALSE
"genus","Ambrosiophilus atratus","Ophiostomatales (unclassified genus)",69,4,7,0,4,7,58,0,0.0176088044022012,0.03809903645895,-0.462185032452826,1,0.824,1,1,1,1,"avoiding",FALSE
"genus","Anisandrus sayi","Sporothrix",69,32,34,19,13,15,22,0.404255319148936,0.3387778860198,0.0437927416593575,1.49516633688873,0.123,0.959,0.246,1,0.150347599768685,0.522096752586545,"co-occurring",FALSE
"genus","Anisandrus sayi","Any Ophiostomatales",69,32,44,21,11,23,14,0.381818181818182,0.394678969594577,0.0387843848157743,-0.331597054780774,0.7305,0.514,1,1,0.806179779522471,1,"avoiding",FALSE
"genus","Anisandrus sayi","Ophiostoma",69,32,23,15,17,8,29,0.375,0.296548550948061,0.0506060528389506,1.5502384527322,0.113,0.9675,0.226,1,0.0401255920641012,0.251015854770426,"co-occurring",FALSE
"genus","Anisandrus sayi","Leptographium",69,32,20,13,19,7,30,0.333333333333333,0.265096794650051,0.0461461003592654,1.47870650286882,0.128,0.9655,0.256,1,0.0639992703618594,0.319996351809297,"co-occurring",FALSE
"genus","Anisandrus sayi","Grosmannia",69,32,18,10,22,8,29,0.25,0.25710724010934,0.0509408444333113,-0.139519479671058,0.6625,0.566,1,1,0.417865918566331,0.822638409336459,"avoiding",FALSE
"genus","Anisandrus sayi","Graphilbum",69,32,20,8,24,12,25,0.181818181818182,0.187089002723674,0.0366732078044525,-0.143724021459942,0.696,0.592,1,1,0.598267628811963,0.935391966058339,"avoiding",FALSE
"genus","Anisandrus sayi","Ophiostomatales (unclassified genus)",69,32,7,6,26,1,36,0.181818181818182,0.120619558906983,0.0381425858494869,1.60446969045814,0.1325,0.9845,0.265,1,0.0437395053954202,0.260902312884963,"co-occurring",FALSE
"genus","Anisandrus sayi","Ceratocystiopsis",69,32,21,7,25,14,23,0.152173913043478,0.156247786601168,0.031734629592034,-0.128373124566485,0.695,0.614,1,1,0.193421584848056,0.581967184517483,"avoiding",FALSE
"genus","Anisandrus sayi","Raffaelea",69,32,10,5,27,5,32,0.135135135135135,0.152783532566771,0.0396082321559564,-0.445573974676431,0.7975,0.4725,0.945,1,1,1,"avoiding",FALSE
"genus","Anisandrus sayi","Hawksworthiomyces",69,32,10,3,29,7,30,0.0769230769230769,0.112061062637088,0.0339986363562098,-1.03351161928567,0.932,0.2675,0.535,1,0.319982907487296,0.7503047485909,"avoiding",FALSE
"genus","Conophthorus coniperda","Hawksworthiomyces",69,4,10,2,2,8,57,0.166666666666667,0.081941087093663,0.0697733918064795,1.21429641557336,0.253,0.964,0.506,1,0.0974955494556976,0.424980600191502,"co-occurring",FALSE
"genus","Conophthorus coniperda","Ceratocystiopsis",69,4,21,3,1,18,47,0.136363636363636,0.107056151358191,0.041405035992856,0.707824164444681,0.441,0.91,0.882,1,0.0807691373405005,0.380725417281606,"co-occurring",FALSE
"genus","Conophthorus coniperda","Sporothrix",69,4,34,4,0,30,35,0.117647058823529,0.0732099968777147,0.0254575415707952,1.74553626171008,0.133,1,0.266,1,0.0536448193813541,0.286087485956884,"co-occurring",FALSE
"genus","Conophthorus coniperda","Grosmannia",69,4,18,2,2,16,49,0.1,0.0392831754222985,0.0350455737840176,1.73251050052407,0.1525,0.9915,0.305,1,0.277328771163943,0.708960768389028,"co-occurring",FALSE
"genus","Conophthorus coniperda","Ophiostomatales (unclassified genus)",69,4,7,1,3,6,59,0.1,0.0475626702240005,0.060870021592641,0.861463958842081,0.4215,0.9555,0.843,1,0.354720237454902,0.776940270775443,"co-occurring",FALSE
"genus","Conophthorus coniperda","Graphilbum",69,4,20,2,2,18,47,0.0909090909090909,0.086263515721723,0.041848523602404,0.111009297042465,0.6645,0.781,1,1,0.573765675227675,0.935391966058339,"co-occurring",FALSE
"genus","Conophthorus coniperda","Leptographium",69,4,20,2,2,18,47,0.0909090909090909,0.0940874163789967,0.0444089095340675,-0.0715695454640151,0.722,0.7075,1,1,0.573765675227675,0.935391966058339,"avoiding",FALSE
"genus","Conophthorus coniperda","Any Ophiostomatales",69,4,44,4,0,40,25,0.0909090909090909,0.0687151217242345,0.0161127326799657,1.37741807213447,0.271,1,0.542,1,0.288722627272843,0.727153283501975,"co-occurring",FALSE
"genus","Conophthorus coniperda","Raffaelea",69,4,10,1,3,9,56,0.0769230769230769,0.0400264234681451,0.0488200838355169,0.755767924922925,0.45,0.9395,0.9,1,0.473539070515824,0.880253799162692,"co-occurring",FALSE
"genus","Conophthorus coniperda","Ophiostoma",69,4,23,1,3,22,43,0.0384615384615385,0.0753942439447152,0.0373311556452851,-0.989326605211625,0.9615,0.3495,0.699,1,1,1,"avoiding",FALSE
"genus","Corthylus columbianus","Ceratocystiopsis",69,7,21,5,2,16,46,0.217391304347826,0.0964465547526643,0.0453540801456154,2.66667848199881,0.0245,1,0.049,0.445238095238095,0.0237970984239641,0.183002393876191,"co-occurring",FALSE
"genus","Corthylus columbianus","Hawksworthiomyces",69,7,10,2,5,8,54,0.133333333333333,0.071732729918073,0.0597754650774685,1.03053323525675,0.297,0.9445,0.594,1,0.266172763469687,0.690830073127431,"co-occurring",FALSE
"genus","Corthylus columbianus","Graphilbum",69,7,20,3,4,17,45,0.125,0.0994968764189256,0.0502393105620612,0.507632833646674,0.4495,0.8375,0.899,1,0.404962538193443,0.822638409336459,"co-occurring",FALSE
"genus","Corthylus columbianus","Any Ophiostomatales",69,7,44,5,2,39,23,0.108695652173913,0.103929862231822,0.0273874163740033,0.174013856473688,0.6065,0.724,1,1,1,1,"co-occurring",FALSE
"genus","Corthylus columbianus","Leptographium",69,7,20,2,5,18,44,0.08,0.120046683420763,0.0489105075474939,-0.818774644321074,0.901,0.3745,0.749,1,1,1,"avoiding",FALSE
"genus","Corthylus columbianus","Ophiostoma",69,7,23,2,5,21,41,0.0714285714285714,0.10022494405807,0.049462847756487,-0.582181858417606,0.851,0.472,0.944,1,1,1,"avoiding",FALSE
"genus","Corthylus columbianus","Sporothrix",69,7,34,2,5,32,30,0.0512820512820513,0.101335311929655,0.0359553649724615,-1.39209435604228,0.9705,0.154,0.308,1,0.428255877801627,0.822638409336459,"avoiding",FALSE
"genus","Corthylus columbianus","Grosmannia",69,7,18,0,7,18,44,0,0.0737808203932564,0.0464788308259895,-1.58740697823235,1,0.1105,0.221,1,0.177405576253727,0.553375191984102,"avoiding",FALSE
"genus","Corthylus columbianus","Raffaelea",69,7,10,0,7,10,52,0,0.0546445841968607,0.0511557888835817,-1.06819942355339,1,0.3655,0.731,1,0.582374743438033,0.935391966058339,"avoiding",FALSE
"genus","Corthylus columbianus","Ophiostomatales (unclassified genus)",69,7,7,0,7,7,55,0,0.0541978448431685,0.0640951974651731,-0.845583553629233,1,0.4825,0.965,1,1,1,"avoiding",FALSE
"genus","Crypturgus alutaceus","Ceratocystiopsis",69,5,21,2,3,19,45,0.0833333333333333,0.0975215030816756,0.0436044281841887,-0.325383690124551,0.798,0.6025,1,1,0.636412753181849,0.953726981305219,"avoiding",FALSE
"genus","Crypturgus alutaceus","Hawksworthiomyces",69,5,10,1,4,9,55,0.0714285714285714,0.112194084055018,0.075938415188645,-0.53682332618053,0.866,0.5445,1,1,0.554533059667235,0.935391966058339,"avoiding",FALSE
"genus","Crypturgus alutaceus","Sporothrix",69,5,34,2,3,32,32,0.0540540540540541,0.0737892959214144,0.0274331702531765,-0.71939340897267,0.902,0.422,0.844,1,1,1,"avoiding",FALSE
"genus","Crypturgus alutaceus","Any Ophiostomatales",69,5,44,2,3,42,22,0.0425531914893617,0.0778963952397342,0.019785814603375,-1.78629004965729,0.994,0.0955,0.191,0.906666666666667,0.344488456791392,0.774054598190497,"avoiding",FALSE
"genus","Crypturgus alutaceus","Graphilbum",69,5,20,1,4,19,45,0.0416666666666667,0.0749014164526258,0.0416773759261596,-0.797429037875168,0.921,0.4155,0.831,1,1,1,"avoiding",FALSE
"genus","Crypturgus alutaceus","Leptographium",69,5,20,1,4,19,45,0.0416666666666667,0.0588106141344719,0.0337325059109503,-0.508232252684196,0.882,0.566,1,1,1,1,"avoiding",FALSE
"genus","Crypturgus alutaceus","Ophiostoma",69,5,23,1,4,22,42,0.037037037037037,0.0679138714656487,0.0363671562489322,-0.849030763287089,0.927,0.39,0.78,1,0.658269737286419,0.953726981305219,"avoiding",FALSE
"genus","Crypturgus alutaceus","Grosmannia",69,5,18,0,5,18,46,0,0.04847878484697,0.0366345123097075,-1.32330913639934,1,0.2445,0.489,1,0.316241837332039,0.747443074692127,"avoiding",FALSE
"genus","Crypturgus alutaceus","Raffaelea",69,5,10,0,5,10,54,0,0.0644869137865634,0.0548297197164027,-1.17613064812497,1,0.306,0.612,1,1,1,"avoiding",FALSE
"genus","Crypturgus alutaceus","Ophiostomatales (unclassified genus)",69,5,7,0,5,7,57,0,0.0164627768429669,0.0350172309754732,-0.470133599498424,1,0.819,1,1,1,1,"avoiding",FALSE
"genus","Cyclorhipidion bodoanum","Any Ophiostomatales",69,8,44,6,2,38,23,0.130434782608696,0.0990093700378837,0.0241363583983989,1.30199477701228,0.203,0.968,0.406,1,0.701269839195014,0.953726981305219,"co-occurring",FALSE
"genus","Cyclorhipidion bodoanum","Ophiostoma",69,8,23,3,5,20,41,0.107142857142857,0.0952522484559189,0.039859355507761,0.29831412313285,0.5525,0.7995,1,1,1,1,"co-occurring",FALSE
"genus","Cyclorhipidion bodoanum","Sporothrix",69,8,34,4,4,30,31,0.105263157894737,0.0772265838807783,0.0278430775391583,1.00694953618285,0.3005,0.942,0.601,1,1,1,"co-occurring",FALSE
"genus","Cyclorhipidion bodoanum","Graphilbum",69,8,20,2,6,18,43,0.0769230769230769,0.0778512903175243,0.0366004157809795,-0.0253607336048279,0.708,0.7105,1,1,1,1,"avoiding",FALSE
"genus","Cyclorhipidion bodoanum","Ceratocystiopsis",69,8,21,2,6,19,42,0.0740740740740741,0.0367604946144219,0.0287259822306071,1.29894877606292,0.2505,0.976,0.501,1,1,1,"co-occurring",FALSE
"genus","Cyclorhipidion bodoanum","Hawksworthiomyces",69,8,10,1,7,9,52,0.0588235294117647,0.0189212253185417,0.0274841475144895,1.45182978923348,0.322,1,0.644,1,1,1,"co-occurring",FALSE
"genus","Cyclorhipidion bodoanum","Grosmannia",69,8,18,1,7,17,44,0.04,0.0706204881096679,0.0381179578594174,-0.803308724528191,0.9195,0.4085,0.817,1,0.670458333193047,0.953726981305219,"avoiding",FALSE
"genus","Cyclorhipidion bodoanum","Leptographium",69,8,20,1,7,19,42,0.037037037037037,0.0379857735135382,0.0288780422835745,-0.0328532130808872,0.745,0.7605,1,1,0.4222568240524,0.822638409336459,"avoiding",FALSE
"genus","Cyclorhipidion bodoanum","Raffaelea",69,8,10,0,8,10,51,0,0.0618198805285008,0.0482799947102122,-1.28044505596072,1,0.2605,0.521,1,0.591997445202134,0.935391966058339,"avoiding",FALSE
"genus","Cyclorhipidion bodoanum","Ophiostomatales (unclassified genus)",69,8,7,0,8,7,54,0,0,0,NA,1,1,1,1,0.58828055514699,0.935391966058339,"co-occurring",FALSE
"genus","Cyclorhipidion pelliculosum","Grosmannia",69,13,18,9,4,9,47,0.409090909090909,0.163147936930146,0.055415325650815,4.4381760690266,5e-04,1,0.001,0.113333333333333,0.00033900839734151,0.0107420339032139,"co-occurring",FALSE
"genus","Cyclorhipidion pelliculosum","Sporothrix",69,13,34,11,2,23,33,0.305555555555556,0.1764319221169,0.0409051725954892,3.15665783189714,0.0035,1,0.007,0.158666666666667,0.00569707530869645,0.0913551019925604,"co-occurring",FALSE
"genus","Cyclorhipidion pelliculosum","Raffaelea",69,13,10,5,8,5,51,0.277777777777778,0.113396375031142,0.0546639545646464,3.00712606791438,0.009,1,0.018,0.266086956521739,0.0164571430434337,0.169558443477802,"co-occurring",FALSE
"genus","Cyclorhipidion pelliculosum","Any Ophiostomatales",69,13,44,12,1,32,24,0.266666666666667,0.183941794461205,0.0340323782485314,2.43076965122271,0.018,0.9995,0.036,0.408,0.0233956813255396,0.183002393876191,"co-occurring",FALSE
"genus","Cyclorhipidion pelliculosum","Ophiostomatales (unclassified genus)",69,13,7,4,9,3,53,0.25,0.103015603088784,0.0517334333213958,2.84118774793218,0.0275,0.9985,0.055,0.445238095238095,0.0202981257395885,0.183002393876191,"co-occurring",FALSE
"genus","Cyclorhipidion pelliculosum","Ophiostoma",69,13,23,7,6,16,40,0.241379310344828,0.16778695781435,0.0544458668761417,1.35166095707305,0.156,0.9505,0.312,1,0.106526632068099,0.447148825964861,"co-occurring",FALSE
"genus","Cyclorhipidion pelliculosum","Graphilbum",69,13,20,5,8,15,41,0.178571428571429,0.113323624158145,0.0453339382964824,1.43927059649142,0.1595,0.9715,0.319,1,0.500083321876829,0.904406007649585,"co-occurring",FALSE
"genus","Cyclorhipidion pelliculosum","Leptographium",69,13,20,5,8,15,41,0.178571428571429,0.106095283669077,0.0406908918059296,1.78113925956743,0.1005,0.99,0.201,0.936164383561644,0.500083321876829,0.904406007649585,"co-occurring",FALSE
"genus","Cyclorhipidion pelliculosum","Hawksworthiomyces",69,13,10,3,10,7,49,0.15,0.106150198589842,0.0488377753308096,0.897866479648906,0.347,0.935,0.694,1,0.384511309248254,0.822638409336459,"co-occurring",FALSE
"genus","Cyclorhipidion pelliculosum","Ceratocystiopsis",69,13,21,2,11,19,37,0.0625,0.0686617247259149,0.0352027811962309,-0.175035168146732,0.7305,0.6225,1,1,0.31656412575196,0.747443074692127,"avoiding",FALSE
"genus","Dendroctonus valens","Leptographium",69,14,20,11,3,9,46,0.478260869565217,0.31833146131419,0.0671301699266584,2.38237752750746,0.0345,0.9955,0.069,0.506382978723404,2.09987702950972e-05,0.00244685390036873,"co-occurring",TRUE
"genus","Dendroctonus valens","Grosmannia",69,14,18,8,6,10,45,0.333333333333333,0.171938521069234,0.0533883266574204,3.02303560288993,0.0105,0.9995,0.021,0.2856,0.00591121248187156,0.0913551019925604,"co-occurring",TRUE
"genus","Dendroctonus valens","Ophiostoma",69,14,23,9,5,14,41,0.321428571428571,0.207510330269179,0.0514302859041343,2.21500306982028,0.0385,0.9925,0.077,0.5304,0.0101467354992249,0.143745419572352,"co-occurring",TRUE
"genus","Dendroctonus valens","Sporothrix",69,14,34,11,3,23,32,0.297297297297297,0.221423709312453,0.0389391849335365,1.94851505275082,0.073,0.994,0.146,0.800645161290322,0.0178088051732819,0.178088051732819,"co-occurring",TRUE
"genus","Dendroctonus valens","Any Ophiostomatales",69,14,44,13,1,31,24,0.288888888888889,0.221827250760689,0.029910069232139,2.24210909067842,0.039,0.9975,0.078,0.5304,0.0124238721073794,0.151229493992363,"co-occurring",TRUE
"genus","Dendroctonus valens","Raffaelea",69,14,10,5,9,5,50,0.263157894736842,0.0845158054078301,0.047416960073157,3.76747242027737,0.0015,1,0.003,0.136,0.0237720746622119,0.183002393876191,"co-occurring",TRUE
"genus","Dendroctonus valens","Graphilbum",69,14,20,7,7,13,42,0.259259259259259,0.188593068563348,0.0498973879715268,1.41623025911167,0.1575,0.968,0.315,1,0.095149580971838,0.420141006888635,"co-occurring",TRUE
"genus","Dendroctonus valens","Ophiostomatales (unclassified genus)",69,14,7,4,10,3,52,0.235294117647059,0.108364915171725,0.0568800440953481,2.23152433325406,0.0525,1,0.105,0.661111111111111,0.0272526434324541,0.197146782277327,"co-occurring",TRUE
"genus","Dendroctonus valens","Ceratocystiopsis",69,14,21,6,8,15,40,0.206896551724138,0.208759493038966,0.0509591446594463,-0.0365575467813961,0.6555,0.6645,1,1,0.331673767971503,0.767136606192592,"avoiding",TRUE
"genus","Dendroctonus valens","Hawksworthiomyces",69,14,10,3,11,7,48,0.142857142857143,0.093945504655207,0.0462270545354388,1.05807386374658,0.31,0.956,0.62,1,0.412361476250596,0.822638409336459,"co-occurring",TRUE
"genus","Dryocoetes affaber","Grosmannia",69,5,18,4,1,14,50,0.210526315789474,0.114958852176148,0.0467738986591677,2.04317934473898,0.081,1,0.162,0.822089552238806,0.0146485571534241,0.166110856768257,"co-occurring",FALSE
"genus","Dryocoetes affaber","Ophiostomatales (unclassified genus)",69,5,7,2,3,5,59,0.2,0.0802401200600309,0.0681597517550392,1.75704689140267,0.174,1,0.348,1,0.0767535705123979,0.372803056774504,"co-occurring",FALSE
"genus","Dryocoetes affaber","Graphilbum",69,5,20,4,1,16,48,0.19047619047619,0.155799114030947,0.0476793484757613,0.727297615295063,0.4255,0.9105,0.851,1,0.0225037778574443,0.183002393876191,"co-occurring",FALSE
"genus","Dryocoetes affaber","Leptographium",69,5,20,4,1,16,48,0.19047619047619,0.172587517172855,0.0434661377338345,0.411554240518846,0.584,0.867,1,1,0.0225037778574443,0.183002393876191,"co-occurring",FALSE
"genus","Dryocoetes affaber","Ophiostoma",69,5,23,4,1,19,45,0.166666666666667,0.136106943599385,0.0395141925264784,0.773385994078039,0.4195,0.924,0.839,1,0.0392381981495238,0.251015854770426,"co-occurring",FALSE
"genus","Dryocoetes affaber","Hawksworthiomyces",69,5,10,2,3,8,56,0.153846153846154,0.0743201270965165,0.0487910973022529,1.62992904744459,0.205,1,0.41,1,0.149563113910177,0.522096752586545,"co-occurring",FALSE
"genus","Dryocoetes affaber","Sporothrix",69,5,34,5,0,29,35,0.147058823529412,0.119755185716112,0.0223136307867309,1.22363043801623,0.334,1,0.668,1,0.0247591474067788,0.183002393876191,"co-occurring",FALSE
"genus","Dryocoetes affaber","Ceratocystiopsis",69,5,21,3,2,18,46,0.130434782608696,0.155724695587019,0.0419547638964014,-0.602790020241115,0.8885,0.511,1,1,0.160863719248267,0.522096752586545,"avoiding",FALSE
"genus","Dryocoetes affaber","Any Ophiostomatales",69,5,44,5,0,39,25,0.113636363636364,0.105118973628232,0.0117604060201595,0.724242852970473,0.656,1,1,1,0.150886331670391,0.522096752586545,"co-occurring",FALSE
"genus","Dryocoetes affaber","Raffaelea",69,5,10,1,4,9,55,0.0714285714285714,0.0358750803973411,0.035722860043768,0.995258805920631,0.5025,1,1,1,0.554533059667235,0.935391966058339,"co-occurring",FALSE
"genus","Dryocoetes autographus","Leptographium",69,14,20,5,9,15,40,0.172413793103448,0.313796155180084,0.063835283173913,-2.21479963817899,1,0.0115,0.023,0.300769230769231,0.527626940506205,0.935391966058339,"avoiding",FALSE
"genus","Dryocoetes autographus","Ophiostoma",69,14,23,5,9,18,37,0.15625,0.210999173520376,0.051635847001417,-1.06029389851732,0.943,0.261,0.522,1,1,1,"avoiding",FALSE
"genus","Dryocoetes autographus","Sporothrix",69,14,34,6,8,28,27,0.142857142857143,0.229041995483814,0.0374618617887106,-2.30060249308387,0.9985,0.019,0.038,0.412121212121212,0.766011435153338,1,"avoiding",FALSE
"genus","Dryocoetes autographus","Any Ophiostomatales",69,14,44,7,7,37,18,0.137254901960784,0.21943529341911,0.0283878215171565,-2.89491715342296,1,0.003,0.006,0.158666666666667,0.350327802290456,0.776267057164939,"avoiding",FALSE
"genus","Dryocoetes autographus","Graphilbum",69,14,20,4,10,16,39,0.133333333333333,0.192342312851421,0.0478847603312956,-1.23231230792068,0.9695,0.2115,0.423,1,1,1,"avoiding",FALSE
"genus","Dryocoetes autographus","Ceratocystiopsis",69,14,21,4,10,17,38,0.129032258064516,0.191883743597917,0.044424002926168,-1.41480914355825,0.9855,0.1535,0.307,1,1,1,"avoiding",FALSE
"genus","Dryocoetes autographus","Grosmannia",69,14,18,3,11,15,40,0.103448275862069,0.174382361738487,0.0505289876518052,-1.40382954760985,0.974,0.152,0.304,1,0.747095483759605,0.98454443596227,"avoiding",FALSE
"genus","Dryocoetes autographus","Hawksworthiomyces",69,14,10,1,13,9,46,0.0434782608695652,0.104757948233232,0.0486492936560522,-1.25962131735994,0.981,0.2205,0.441,1,0.674153046072605,0.953726981305219,"avoiding",FALSE
"genus","Dryocoetes autographus","Raffaelea",69,14,10,0,14,10,45,0,0.121095808982085,0.0516293422456571,-2.34548424819941,1,0.0125,0.025,0.303571428571429,0.195130173632333,0.581967184517483,"avoiding",FALSE
"genus","Dryocoetes autographus","Ophiostomatales (unclassified genus)",69,14,7,0,14,7,48,0,0.141040018203118,0.0660809051406328,-2.13435360643076,1,0.0235,0.047,0.445238095238095,0.330406391953277,0.767136606192592,"avoiding",FALSE
"genus","Euwallacea validus","Grosmannia",69,8,18,4,4,14,47,0.181818181818182,0.0935884665464681,0.0436292992019588,2.02225836503357,0.0805,0.9955,0.161,0.822089552238806,0.191978762900452,0.581967184517483,"co-occurring",FALSE
"genus","Euwallacea validus","Graphilbum",69,8,20,4,4,16,45,0.166666666666667,0.143585996347159,0.0568367016720062,0.406087433656897,0.4775,0.813,0.955,1,0.216788762230434,0.614234826319564,"co-occurring",FALSE
"genus","Euwallacea validus","Sporothrix",69,8,34,6,2,28,33,0.166666666666667,0.110193184045905,0.036049034005404,1.56657408939991,0.127,0.974,0.254,1,0.150551589876704,0.522096752586545,"co-occurring",FALSE
"genus","Euwallacea validus","Ophiostoma",69,8,23,4,4,19,42,0.148148148148148,0.102498858442175,0.0429102104113024,1.06383280968367,0.267,0.94,0.534,1,0.426246831090497,0.822638409336459,"co-occurring",FALSE
"genus","Euwallacea validus","Any Ophiostomatales",69,8,44,6,2,38,23,0.130434782608696,0.116272119760895,0.0283811872944366,0.499015869240136,0.474,0.823,0.948,1,0.701269839195014,0.953726981305219,"co-occurring",FALSE
"genus","Euwallacea validus","Leptographium",69,8,20,3,5,17,44,0.12,0.0908654327163586,0.03242034963513,0.898650619488442,0.414,0.96,0.828,1,0.68224125322882,0.953726981305219,"co-occurring",FALSE
"genus","Euwallacea validus","Ceratocystiopsis",69,8,21,3,5,18,43,0.115384615384615,0.111106464028142,0.0470006733994669,0.0910231927979653,0.6165,0.7125,1,1,0.691797907267051,0.953726981305219,"co-occurring",FALSE
"genus","Euwallacea validus","Ophiostomatales (unclassified genus)",69,8,7,1,7,6,55,0.0714285714285714,0.0246909168870148,0.0339790099786145,1.37548605951062,0.346,1,0.692,1,1,1,"co-occurring",FALSE
"genus","Euwallacea validus","Raffaelea",69,8,10,1,7,9,52,0.0588235294117647,0.038901803843099,0.0356679028464439,0.558533694970292,0.594,0.94,1,1,1,1,"co-occurring",FALSE
"genus","Euwallacea validus","Hawksworthiomyces",69,8,10,0,8,10,51,0,0.0442279963511177,0.041300577289593,-1.07088082670124,1,0.3925,0.785,1,0.591997445202134,0.935391966058339,"avoiding",FALSE
"genus","Gnathotrichus materiarius","Ceratocystiopsis",69,17,21,10,7,11,41,0.357142857142857,0.250478483892026,0.0594814521954532,1.79323754403872,0.0845,0.9785,0.169,0.832753623188406,0.00588257213719889,0.0913551019925604,"co-occurring",FALSE
"genus","Gnathotrichus materiarius","Leptographium",69,17,20,9,8,11,41,0.321428571428571,0.266498144884799,0.0592337642479276,0.927349920120836,0.273,0.906,0.546,1,0.0281127116295058,0.199131707375666,"co-occurring",FALSE
"genus","Gnathotrichus materiarius","Sporothrix",69,17,34,12,5,22,30,0.307692307692308,0.246929167951274,0.0469229492607814,1.29495568156498,0.1725,0.949,0.345,1,0.0538517620624723,0.286087485956884,"co-occurring",FALSE
"genus","Gnathotrichus materiarius","Any Ophiostomatales",69,17,44,14,3,30,22,0.297872340425532,0.251955409814834,0.0379041121116133,1.21139707679975,0.203,0.9435,0.406,1,0.0851033285688297,0.380725417281606,"co-occurring",FALSE
"genus","Gnathotrichus materiarius","Grosmannia",69,17,18,8,9,10,42,0.296296296296296,0.174477608802563,0.0506712250435966,2.40409990855605,0.033,0.996,0.066,0.498666666666667,0.0525896192399621,0.286087485956884,"co-occurring",FALSE
"genus","Gnathotrichus materiarius","Ophiostoma",69,17,23,8,9,15,37,0.25,0.231564515604347,0.0580177035794521,0.317756189201915,0.4795,0.756,0.959,1,0.236091392771683,0.642168588338979,"co-occurring",FALSE
"genus","Gnathotrichus materiarius","Graphilbum",69,17,20,7,10,13,39,0.233333333333333,0.242558468581878,0.0595835365405325,-0.154826916698193,0.677,0.6025,1,1,0.228491880982814,0.640891617324474,"avoiding",FALSE
"genus","Gnathotrichus materiarius","Ophiostomatales (unclassified genus)",69,17,7,3,14,4,48,0.142857142857143,0.0685575989575815,0.0418111460838399,1.77702720108594,0.118,0.991,0.236,1,0.351603314127649,0.776267057164939,"co-occurring",FALSE
"genus","Gnathotrichus materiarius","Hawksworthiomyces",69,17,10,3,14,7,45,0.125,0.118340855699101,0.0527249456747413,0.126299690131102,0.6045,0.742,1,1,0.699013465914024,0.953726981305219,"co-occurring",FALSE
"genus","Gnathotrichus materiarius","Raffaelea",69,17,10,3,14,7,45,0.125,0.107248019940128,0.0498817384571833,0.355881342730459,0.521,0.818,1,1,0.699013465914024,0.953726981305219,"co-occurring",FALSE
"genus","Heteroborips seriatus","Grosmannia",69,21,18,13,8,5,43,0.5,0.274140479188286,0.0615593897990577,3.66896945452132,0.002,1,0.004,0.136,2.15898873561946e-05,0.00244685390036873,"co-occurring",FALSE
"genus","Heteroborips seriatus","Raffaelea",69,21,10,9,12,1,47,0.409090909090909,0.195454847173318,0.0591297956886821,3.61300186191042,0.0035,1,0.007,0.158666666666667,4.25293410337153e-05,0.00289199519029264,"co-occurring",FALSE
"genus","Heteroborips seriatus","Any Ophiostomatales",69,21,44,18,3,26,22,0.382978723404255,0.283140707494591,0.0337409819813647,2.95895406852135,0.0085,0.999,0.017,0.266086956521739,0.0146568403030815,0.166110856768257,"co-occurring",FALSE
"genus","Heteroborips seriatus","Ophiostoma",69,21,23,12,9,11,37,0.375,0.235027370370488,0.0510018830739438,2.74446003153602,0.0125,0.9985,0.025,0.303571428571429,0.0112071446872039,0.146554968986513,"co-occurring",FALSE
"genus","Heteroborips seriatus","Sporothrix",69,21,34,15,6,19,29,0.375,0.269743852126565,0.0409600592517982,2.56972645538384,0.0195,0.9985,0.039,0.412121212121212,0.0194043856952348,0.183002393876191,"co-occurring",FALSE
"genus","Heteroborips seriatus","Leptographium",69,21,20,10,11,10,38,0.32258064516129,0.206577160363107,0.0470166406070048,2.46728569503326,0.023,0.999,0.046,0.445238095238095,0.0416853853362099,0.253089839541275,"co-occurring",FALSE
"genus","Heteroborips seriatus","Ophiostomatales (unclassified genus)",69,21,7,6,15,1,47,0.272727272727273,0.153716562345224,0.0472594702622395,2.51824046527958,0.035,1,0.07,0.506382978723404,0.00252197510471358,0.0504395020942716,"co-occurring",FALSE
"genus","Heteroborips seriatus","Graphilbum",69,21,20,6,15,14,34,0.171428571428571,0.124375324321425,0.0335431353884922,1.40276830302778,0.176,0.979,0.352,1,1,1,"co-occurring",FALSE
"genus","Heteroborips seriatus","Hawksworthiomyces",69,21,10,3,18,7,41,0.107142857142857,0.135617378953185,0.0381511521813114,-0.746360730470306,0.898,0.4225,0.845,1,1,1,"avoiding",FALSE
"genus","Heteroborips seriatus","Ceratocystiopsis",69,21,21,4,17,17,31,0.105263157894737,0.11557240738407,0.0329745972023467,-0.312642165909431,0.7695,0.544,1,1,0.256686086985143,0.676536973449213,"avoiding",FALSE
"genus","Hylastes opacus","Ophiostomatales (unclassified genus)",69,8,7,4,4,3,58,0.363636363636364,0.103455698878413,0.0729276159648791,3.56765624812485,0.0075,1,0.015,0.255,0.0024316458354707,0.0504395020942716,"co-occurring",FALSE
"genus","Hylastes opacus","Raffaelea",69,8,10,4,4,6,55,0.285714285714286,0.105846806725923,0.0653439511137426,2.75262630928564,0.0275,0.9995,0.055,0.445238095238095,0.0124541936229005,0.151229493992363,"co-occurring",FALSE
"genus","Hylastes opacus","Grosmannia",69,8,18,5,3,13,48,0.238095238095238,0.100205963135907,0.0524469366207558,2.62911971306178,0.0265,0.998,0.053,0.445238095238095,0.0243695043939962,0.183002393876191,"co-occurring",FALSE
"genus","Hylastes opacus","Leptographium",69,8,20,4,4,16,45,0.166666666666667,0.128927011054596,0.0443203497799215,0.851519805224282,0.3585,0.9265,0.717,1,0.216788762230434,0.614234826319564,"co-occurring",FALSE
"genus","Hylastes opacus","Sporothrix",69,8,34,6,2,28,33,0.166666666666667,0.106654675620031,0.0315111653503352,1.90446752379463,0.08,0.9955,0.16,0.822089552238806,0.150551589876704,0.522096752586545,"co-occurring",FALSE
"genus","Hylastes opacus","Any Ophiostomatales",69,8,44,7,1,37,24,0.155555555555556,0.108914009198029,0.0238467436870472,1.9558874356024,0.07,0.998,0.14,0.800645161290322,0.242621630350402,0.654693288247117,"co-occurring",FALSE
"genus","Hylastes opacus","Ophiostoma",69,8,23,4,4,19,42,0.148148148148148,0.0883869383360507,0.0399204315202865,1.49700811179178,0.1645,0.9835,0.329,1,0.426246831090497,0.822638409336459,"co-occurring",FALSE
"genus","Hylastes opacus","Graphilbum",69,8,20,3,5,17,44,0.12,0.0812876523731958,0.0373245733099232,1.03718125068323,0.3245,0.961,0.649,1,0.68224125322882,0.953726981305219,"co-occurring",FALSE
"genus","Hylastes opacus","Ceratocystiopsis",69,8,21,2,6,19,42,0.0740740740740741,0.078565686994902,0.0299144401699108,-0.150148653804517,0.7975,0.686,1,1,1,1,"avoiding",FALSE
"genus","Hylastes opacus","Hawksworthiomyces",69,8,10,1,7,9,52,0.0588235294117647,0.0496571815319435,0.0427777876587348,0.214278212630978,0.6575,0.834,1,1,1,1,"co-occurring",FALSE
"genus","Hylastes porculus","Ophiostoma",69,10,23,5,5,18,41,0.178571428571429,0.166958010359377,0.0456528238473699,0.254385539235836,0.562,0.7805,1,1,0.283152554405553,0.718446779834986,"co-occurring",FALSE
"genus","Hylastes porculus","Leptographium",69,10,20,4,6,16,43,0.153846153846154,0.253975035363552,0.0599183899948996,-1.67108764981705,0.995,0.086,0.172,0.835428571428571,0.460014776051903,0.86891679920915,"avoiding",FALSE
"genus","Hylastes porculus","Ceratocystiopsis",69,10,21,4,6,17,42,0.148148148148148,0.187566813524791,0.0441018131723262,-0.893810538415189,0.9295,0.364,0.728,1,0.478961626014994,0.880253799162692,"avoiding",FALSE
"genus","Hylastes porculus","Ophiostomatales (unclassified genus)",69,10,7,2,8,5,54,0.133333333333333,0.115091291066779,0.0664116551959004,0.274681337375863,0.577,0.8145,1,1,0.266172763469687,0.690830073127431,"co-occurring",FALSE
"genus","Hylastes porculus","Sporothrix",69,10,34,5,5,29,30,0.128205128205128,0.168909376288022,0.033345370445016,-1.2206866362457,0.969,0.214,0.428,1,1,1,"avoiding",FALSE
"genus","Hylastes porculus","Any Ophiostomatales",69,10,44,6,4,38,21,0.125,0.170006193664556,0.0243687077931349,-1.84688470339141,0.997,0.0765,0.153,0.822089552238806,1,1,"avoiding",FALSE
"genus","Hylastes porculus","Grosmannia",69,10,18,3,7,15,44,0.12,0.114158086103624,0.0453253004090778,0.128888586366796,0.633,0.748,1,1,0.713483972360465,0.96134882563716,"co-occurring",FALSE
"genus","Hylastes porculus","Graphilbum",69,10,20,3,7,17,42,0.111111111111111,0.148402314710468,0.0394647307804078,-0.944924819248231,0.935,0.343,0.686,1,1,1,"avoiding",FALSE
"genus","Hylastes porculus","Hawksworthiomyces",69,10,10,2,8,8,51,0.111111111111111,0.102416533344074,0.0467224718864544,0.186089849615988,0.6655,0.8075,1,1,0.630456702416687,0.953726981305219,"co-occurring",FALSE
"genus","Hylastes porculus","Raffaelea",69,10,10,2,8,8,51,0.111111111111111,0.0732760601146822,0.0429083489202197,0.881764317400708,0.43,0.9635,0.86,1,0.630456702416687,0.953726981305219,"co-occurring",FALSE
"genus","Hylesinus aculeatus","Grosmannia",69,6,18,5,1,13,50,0.263157894736842,0.116679303127446,0.049209023090509,2.97666123832576,0.0105,1,0.021,0.2856,0.00379998003294563,0.0679996426948166,"co-occurring",FALSE
"genus","Hylesinus aculeatus","Ophiostomatales (unclassified genus)",69,6,7,2,4,5,58,0.181818181818182,0.0284233025603713,0.0463038229840479,3.31279081018119,0.033,1,0.066,0.498666666666667,0.109327789294723,0.451875926095016,"co-occurring",FALSE
"genus","Hylesinus aculeatus","Raffaelea",69,6,10,2,4,8,55,0.142857142857143,0.060170378229407,0.0534504614854045,1.54697943347626,0.176,0.9795,0.352,1,0.206512012532263,0.598294162091953,"co-occurring",FALSE
"genus","Hylesinus aculeatus","Sporothrix",69,6,34,5,1,29,34,0.142857142857143,0.0834623087591697,0.0280601196192915,2.11669924803666,0.056,1,0.112,0.692363636363636,0.106000099835272,0.447148825964861,"co-occurring",FALSE
"genus","Hylesinus aculeatus","Any Ophiostomatales",69,6,44,6,0,38,25,0.136363636363636,0.0924995536294018,0.021232347708427,2.06590827055951,0.0655,1,0.131,0.78140350877193,0.0798638129439366,0.380725417281606,"co-occurring",FALSE
"genus","Hylesinus aculeatus","Graphilbum",69,6,20,3,3,17,46,0.130434782608696,0.0722397430599363,0.0356189517801643,1.63382235131263,0.166,1,0.332,1,0.346047938014575,0.774054598190497,"co-occurring",FALSE
"genus","Hylesinus aculeatus","Leptographium",69,6,20,3,3,17,46,0.130434782608696,0.093608358856636,0.0406658152670351,0.90558675659731,0.375,0.9455,0.75,1,0.346047938014575,0.774054598190497,"co-occurring",FALSE
"genus","Hylesinus aculeatus","Ceratocystiopsis",69,6,21,3,3,18,45,0.125,0.0906702347829446,0.0422435951335798,0.81266201677438,0.376,0.9095,0.752,1,0.359177477483009,0.77783657544091,"co-occurring",FALSE
"genus","Hylesinus aculeatus","Ophiostoma",69,6,23,3,3,20,43,0.115384615384615,0.0961135899655154,0.0414117001321759,0.465352191713735,0.507,0.8485,1,1,0.392603582764909,0.822638409336459,"co-occurring",FALSE
"genus","Hylesinus aculeatus","Hawksworthiomyces",69,6,10,1,5,9,54,0.0666666666666667,0.0353653016984687,0.0425473832416702,0.735682492866961,0.457,0.9355,0.914,1,1,1,"co-occurring",FALSE
"genus","Hylurgops pinifex","Leptographium",69,11,20,9,2,11,47,0.409090909090909,0.328849520280557,0.0453015496973307,1.77127249170198,0.1255,1,0.251,1,0.000113357157554755,0.00642357226143613,"co-occurring",FALSE
"genus","Hylurgops pinifex","Sporothrix",69,11,34,8,3,26,32,0.216216216216216,0.189396214958333,0.022059677962273,1.21579296414712,0.3265,1,0.653,1,0.110310887840842,0.451875926095016,"co-occurring",FALSE
"genus","Hylurgops pinifex","Ophiostoma",69,11,23,6,5,17,41,0.214285714285714,0.186952014595147,0.0274851465352066,0.994489865846449,0.453,1,0.906,1,0.161101739319957,0.522096752586545,"co-occurring",FALSE
"genus","Hylurgops pinifex","Grosmannia",69,11,18,5,6,13,45,0.208333333333333,0.20983872370968,0.0339551656101063,-0.0443346498035707,0.7795,0.7685,1,1,0.139525112162034,0.522096752586545,"avoiding",FALSE
"genus","Hylurgops pinifex","Any Ophiostomatales",69,11,44,9,2,35,23,0.195652173913043,0.169961426133972,0.0156589981704511,1.64063802162965,0.189,1,0.378,1,0.305060628512499,0.747443074692127,"co-occurring",FALSE
"genus","Hylurgops pinifex","Graphilbum",69,11,20,5,6,15,43,0.192307692307692,0.178611385464808,0.0204314138391137,0.670355314161601,0.69,1,1,1,0.27588422134468,0.708960768389028,"co-occurring",FALSE
"genus","Hylurgops pinifex","Ophiostomatales (unclassified genus)",69,11,7,2,9,5,53,0.125,0.115280434334815,0.0428575499086786,0.226787711520977,0.7155,0.8785,1,1,0.308643128543785,0.747443074692127,"co-occurring",FALSE
"genus","Hylurgops pinifex","Raffaelea",69,11,10,2,9,8,50,0.105263157894737,0.0785480459528021,0.0399944368735402,0.667970698685073,0.4965,0.93,0.993,1,0.655510485303691,0.953726981305219,"co-occurring",FALSE
"genus","Hylurgops pinifex","Ceratocystiopsis",69,11,21,3,8,18,40,0.103448275862069,0.135779712516355,0.0151306978361836,-2.13681067484996,1,0.18,0.36,1,1,1,"avoiding",FALSE
"genus","Hylurgops pinifex","Hawksworthiomyces",69,11,10,0,11,10,48,0,0.0175087543771887,0.0238571994241477,-0.733898143948394,1,0.65,1,1,0.345469922077013,0.774054598190497,"avoiding",FALSE
"genus","Ips grandicollis","Leptographium",69,19,20,11,8,9,41,0.392857142857143,0.446444822027874,0.0479148529508985,-1.11839389814357,0.969,0.28,0.56,1,0.00230429938235522,0.0504395020942716,"avoiding",TRUE
"genus","Ips grandicollis","Ophiostoma",69,19,23,10,9,13,37,0.3125,0.279549064898154,0.0327831612846665,1.00511768269457,0.3265,0.9445,0.653,1,0.0477634480471936,0.275246988746539,"co-occurring",TRUE
"genus","Ips grandicollis","Sporothrix",69,19,34,12,7,22,28,0.292682926829268,0.304113185258573,0.0269115070783801,-0.424734980319533,0.8565,0.602,1,1,0.185228684699618,0.567367142323154,"avoiding",TRUE
"genus","Ips grandicollis","Any Ophiostomatales",69,19,44,14,5,30,20,0.285714285714286,0.303515467427119,0.0208530363622922,-0.853649387243325,0.952,0.426,0.852,1,0.402684165236973,0.822638409336459,"avoiding",TRUE
"genus","Ips grandicollis","Graphilbum",69,19,20,8,11,12,38,0.258064516129032,0.246043989736803,0.0270631959890323,0.444165071896944,0.568,0.8815,1,1,0.1513989435784,0.522096752586545,"co-occurring",TRUE
"genus","Ips grandicollis","Ceratocystiopsis",69,19,21,8,11,13,37,0.25,0.277061918055804,0.0264213417448028,-1.02424465483958,1,0.43,0.86,1,0.24484437685024,0.655488882906156,"avoiding",TRUE
"genus","Ips grandicollis","Grosmannia",69,19,18,7,12,11,39,0.233333333333333,0.214139675510725,0.0333912995567243,0.574810147475772,0.498,0.885,0.996,1,0.231851967443854,0.640891617324474,"co-occurring",TRUE
"genus","Ips grandicollis","Ophiostomatales (unclassified genus)",69,19,7,4,15,3,47,0.181818181818182,0.140648314934806,0.0354917266122529,1.1599848982597,0.3555,1,0.711,1,0.084920865420541,0.380725417281606,"co-occurring",TRUE
"genus","Ips grandicollis","Hawksworthiomyces",69,19,10,3,16,7,43,0.115384615384615,0.102282622792877,0.0192294871334285,0.68134903967156,0.683,1,1,1,1,1,"co-occurring",TRUE
"genus","Ips grandicollis","Raffaelea",69,19,10,2,17,8,42,0.0740740740740741,0.0685973837549636,0.02760506015233,0.198394435255315,0.721,0.8475,1,1,0.715356626135887,0.96134882563716,"co-occurring",TRUE
"genus","Ips pini","Graphilbum",69,5,20,3,2,17,47,0.136363636363636,0.0857911545646703,0.0462395160246224,1.09370698802376,0.2735,0.9495,0.547,1,0.141793580698799,0.522096752586545,"co-occurring",TRUE
"genus","Ips pini","Ceratocystiopsis",69,5,21,3,2,18,46,0.130434782608696,0.100265139157195,0.0457475496890469,0.659481079458212,0.427,0.8875,0.854,1,0.160863719248267,0.522096752586545,"co-occurring",TRUE
"genus","Ips pini","Grosmannia",69,5,18,2,3,16,48,0.0952380952380952,0.0244765239762742,0.0291259610981828,2.42950167458117,0.071,1,0.142,0.800645161290322,0.599751319413876,0.935391966058339,"co-occurring",TRUE
"genus","Ips pini","Any Ophiostomatales",69,5,44,4,1,40,24,0.0888888888888889,0.0623872748005575,0.0229157423866383,1.15648071274287,0.268,0.969,0.536,1,0.64646568456165,0.953726981305219,"co-occurring",TRUE
"genus","Ips pini","Sporothrix",69,5,34,3,2,31,33,0.0833333333333333,0.0570653639293987,0.0306611634159636,0.856717961010518,0.345,0.913,0.69,1,0.673289073029501,0.953726981305219,"co-occurring",TRUE
"genus","Ips pini","Ophiostoma",69,5,23,2,3,21,43,0.0769230769230769,0.0349268651419734,0.030380219356534,1.38235380358013,0.2265,0.9775,0.453,1,1,1,"co-occurring",TRUE
"genus","Ips pini","Hawksworthiomyces",69,5,10,1,4,9,55,0.0714285714285714,0.0732797717540097,0.0614558096297579,-0.0301224625725524,0.7085,0.7535,1,1,0.554533059667235,0.935391966058339,"avoiding",TRUE
"genus","Ips pini","Raffaelea",69,5,10,1,4,9,55,0.0714285714285714,0.0525482521480517,0.0508479158560975,0.371309599668787,0.591,0.8745,1,1,0.554533059667235,0.935391966058339,"co-occurring",TRUE
"genus","Ips pini","Leptographium",69,5,20,1,4,19,45,0.0416666666666667,0.0303031950757984,0.0289701008953029,0.392248257330394,0.591,0.8745,1,1,1,1,"co-occurring",TRUE
"genus","Ips pini","Ophiostomatales (unclassified genus)",69,5,7,0,5,7,57,0,0,0,NA,1,1,1,1,1,1,"co-occurring",TRUE
"genus","Monarthrum fasciatum","Sporothrix",69,6,34,4,2,30,33,0.111111111111111,0.0933839610530916,0.0336593365309183,0.526663680424477,0.462,0.836,0.924,1,0.428255877801627,0.822638409336459,"co-occurring",FALSE
"genus","Monarthrum fasciatum","Grosmannia",69,6,18,2,4,16,47,0.0909090909090909,0.0877795669209678,0.0498869880319625,0.0627322697076437,0.634,0.731,1,1,0.647280850233478,0.953726981305219,"co-occurring",FALSE
"genus","Monarthrum fasciatum","Any Ophiostomatales",69,6,44,4,2,40,23,0.0869565217391304,0.0942633890928609,0.0255154819422751,-0.28636995257472,0.7755,0.5475,1,1,1,1,"avoiding",FALSE
"genus","Monarthrum fasciatum","Ceratocystiopsis",69,6,21,2,4,19,44,0.08,0.0800455160690717,0.0406345577441672,-0.00112013201566712,0.6775,0.722,1,1,1,1,"avoiding",FALSE
"genus","Monarthrum fasciatum","Graphilbum",69,6,20,1,5,19,44,0.04,0.0979470687724822,0.0501430722626294,-1.1556345903374,0.961,0.236,0.472,1,0.664186778980458,0.953726981305219,"avoiding",FALSE
"genus","Monarthrum fasciatum","Leptographium",69,6,20,1,5,19,44,0.04,0.0783678268646847,0.0400563719154644,-0.957845781581436,0.95,0.3545,0.709,1,0.664186778980458,0.953726981305219,"avoiding",FALSE
"genus","Monarthrum fasciatum","Ophiostoma",69,6,23,1,5,22,41,0.0357142857142857,0.0842656564342407,0.0432600496496028,-1.1223142625404,0.958,0.255,0.51,1,0.655599969608969,0.953726981305219,"avoiding",FALSE
"genus","Monarthrum fasciatum","Hawksworthiomyces",69,6,10,0,6,10,53,0,0.0567129718705501,0.0530129029584513,-1.06979562909427,1,0.3565,0.713,1,0.582374743438033,0.935391966058339,"avoiding",FALSE
"genus","Monarthrum fasciatum","Raffaelea",69,6,10,0,6,10,53,0,0.0465661402129635,0.0465578730136979,-1.00017756823348,1,0.431,0.862,1,0.582374743438033,0.935391966058339,"avoiding",FALSE
"genus","Monarthrum fasciatum","Ophiostomatales (unclassified genus)",69,6,7,0,6,7,56,0,0.0749283732775481,0.068568728616618,-1.09274846988178,1,0.3385,0.677,1,1,1,"avoiding",FALSE
"genus","Monarthrum mali","Sporothrix",69,19,34,14,5,20,30,0.358974358974359,0.286051123179242,0.0504965237257382,1.44412388051076,0.1335,0.957,0.267,1,0.016054741622304,0.169558443477802,"co-occurring",FALSE
"genus","Monarthrum mali","Graphilbum",69,19,20,10,9,10,40,0.344827586206897,0.210481134901066,0.0527623444895474,2.54625628571993,0.024,0.9965,0.048,0.445238095238095,0.015506936097274,0.169558443477802,"co-occurring",FALSE
"genus","Monarthrum mali","Any Ophiostomatales",69,19,44,15,4,29,21,0.3125,0.294077444881375,0.0408513006799159,0.450966182520657,0.4485,0.784,0.897,1,0.161039092321564,0.522096752586545,"co-occurring",FALSE
"genus","Monarthrum mali","Ophiostoma",69,19,23,9,10,14,36,0.272727272727273,0.263095438437878,0.063943724730982,0.150629859769933,0.5335,0.707,1,1,0.157748023598578,0.522096752586545,"co-occurring",FALSE
"genus","Monarthrum mali","Leptographium",69,19,20,8,11,12,38,0.258064516129032,0.287737939322084,0.0633603863632598,-0.468327687001887,0.78,0.463,0.926,1,0.1513989435784,0.522096752586545,"avoiding",FALSE
"genus","Monarthrum mali","Grosmannia",69,19,18,7,12,11,39,0.233333333333333,0.237834792914037,0.0632170359935637,-0.0712064320946962,0.64,0.6285,1,1,0.231851967443854,0.640891617324474,"avoiding",FALSE
"genus","Monarthrum mali","Ceratocystiopsis",69,19,21,7,12,14,36,0.212121212121212,0.210716227035166,0.0503454649995196,0.0279068846828545,0.6115,0.667,1,1,0.561457349981718,0.935391966058339,"co-occurring",FALSE
"genus","Monarthrum mali","Hawksworthiomyces",69,19,10,4,15,6,44,0.16,0.129649858305599,0.0552484687750253,0.549339056218709,0.423,0.842,0.846,1,0.445364014161838,0.845942820195671,"co-occurring",FALSE
"genus","Monarthrum mali","Ophiostomatales (unclassified genus)",69,19,7,2,17,5,45,0.0833333333333333,0.125282823041486,0.0550158957370778,-0.762497622662187,0.8885,0.3905,0.781,1,1,1,"avoiding",FALSE
"genus","Monarthrum mali","Raffaelea",69,19,10,2,17,8,42,0.0740740740740741,0.0967528790584879,0.0513515113352361,-0.44163851062456,0.789,0.5125,1,1,0.715356626135887,0.96134882563716,"avoiding",FALSE
"genus","Orthotomicus caelatus","Graphilbum",69,27,20,12,15,8,34,0.342857142857143,0.289322865872856,0.0519324499765271,1.03084443365341,0.236,0.9115,0.472,1,0.0310999055071681,0.203345536008407,"co-occurring",FALSE
"genus","Orthotomicus caelatus","Leptographium",69,27,20,12,15,8,34,0.342857142857143,0.350252893469165,0.0565855024783465,-0.130700449551578,0.6735,0.6,1,1,0.0310999055071681,0.203345536008407,"avoiding",FALSE
"genus","Orthotomicus caelatus","Any Ophiostomatales",69,27,44,18,9,26,16,0.339622641509434,0.367309632031777,0.0417290442564217,-0.663494480060673,0.829,0.37,0.74,1,0.799421173264472,1,"avoiding",FALSE
"genus","Orthotomicus caelatus","Ceratocystiopsis",69,27,21,12,15,9,33,0.333333333333333,0.334189403540239,0.0565132710922566,-0.0151481269861083,0.6115,0.6415,1,1,0.0609261312340515,0.313861888175417,"avoiding",FALSE
"genus","Orthotomicus caelatus","Sporothrix",69,27,34,15,12,19,23,0.326086956521739,0.333874134166378,0.0493708702026475,-0.157728182887505,0.66,0.568,1,1,0.464568999363026,0.872671048527231,"avoiding",FALSE
"genus","Orthotomicus caelatus","Grosmannia",69,27,18,9,18,9,33,0.25,0.210227841880795,0.0447112556373654,0.88953346427531,0.3005,0.9025,0.601,1,0.399858095238497,0.822638409336459,"co-occurring",FALSE
"genus","Orthotomicus caelatus","Ophiostoma",69,27,23,10,17,13,29,0.25,0.25829835934269,0.0479225129994728,-0.173162023927693,0.6765,0.584,1,1,0.61194406500462,0.948734587929916,"avoiding",FALSE
"genus","Orthotomicus caelatus","Ophiostomatales (unclassified genus)",69,27,7,4,23,3,39,0.133333333333333,0.0863055305756488,0.0316920168503942,1.48390059804918,0.1845,1,0.369,1,0.419796723774756,0.822638409336459,"co-occurring",FALSE
"genus","Orthotomicus caelatus","Hawksworthiomyces",69,27,10,4,23,6,36,0.121212121212121,0.118722625562764,0.0408214199058444,0.060985033227635,0.6395,0.69,1,1,1,1,"co-occurring",FALSE
"genus","Orthotomicus caelatus","Raffaelea",69,27,10,3,24,7,35,0.0882352941176471,0.104527808178497,0.0386176789211138,-0.421892628351149,0.798,0.5105,1,1,0.72925070980154,0.973178094967041,"avoiding",FALSE
"genus","Phloeotribus liminaris","Sporothrix",69,5,34,4,1,30,34,0.114285714285714,0.0545526023348518,0.0295901249395538,2.01868400599471,0.0725,0.997,0.145,0.800645161290322,0.198073179254231,0.585607660403812,"co-occurring",FALSE
"genus","Phloeotribus liminaris","Any Ophiostomatales",69,5,44,5,0,39,25,0.113636363636364,0.0701608142137202,0.0225648203746671,1.92669601179065,0.08,1,0.16,0.822089552238806,0.150886331670391,0.522096752586545,"co-occurring",FALSE
"genus","Phloeotribus liminaris","Grosmannia",69,5,18,2,3,16,48,0.0952380952380952,0.0742313740602373,0.045035055419648,0.466452655206306,0.504,0.864,1,1,0.599751319413876,0.935391966058339,"co-occurring",FALSE
"genus","Phloeotribus liminaris","Graphilbum",69,5,20,2,3,18,46,0.0869565217391304,0.0577358837521529,0.0368126210093691,0.793766843701258,0.4145,0.9275,0.829,1,0.62294655885525,0.953726981305219,"co-occurring",FALSE
"genus","Phloeotribus liminaris","Ceratocystiopsis",69,5,21,2,3,19,45,0.0833333333333333,0.0790043506601793,0.0408548054447638,0.105960183288766,0.6495,0.761,1,1,0.636412753181849,0.953726981305219,"co-occurring",FALSE
"genus","Phloeotribus liminaris","Ophiostoma",69,5,23,2,3,21,43,0.0769230769230769,0.0460142606916003,0.0338347012485279,0.913524136194979,0.343,0.9325,0.686,1,1,1,"co-occurring",FALSE
"genus","Phloeotribus liminaris","Raffaelea",69,5,10,1,4,9,55,0.0714285714285714,0.0652015568223673,0.0599475222479849,0.103874428378288,0.652,0.7955,1,1,0.554533059667235,0.935391966058339,"co-occurring",FALSE
"genus","Phloeotribus liminaris","Hawksworthiomyces",69,5,10,0,5,10,54,0,0.0252653799427185,0.0392598748423915,-0.64354203991088,1,0.6805,1,1,1,1,"avoiding",FALSE
"genus","Phloeotribus liminaris","Leptographium",69,5,20,0,5,20,44,0,0.0376400321372806,0.0333117433001435,-1.12993282273277,1,0.338,0.676,1,0.311467629213936,0.747443074692127,"avoiding",FALSE
"genus","Phloeotribus liminaris","Ophiostomatales (unclassified genus)",69,5,7,0,5,7,57,0,0,0,NA,1,1,1,1,1,1,"co-occurring",FALSE
"genus","Pityogenes hopkinsi","Graphilbum",69,19,20,14,5,6,44,0.56,0.303720910739681,0.0653335784560276,3.92262440412331,0.001,0.9995,0.002,0.113333333333333,1.67095737617325e-06,0.000568125507898905,"co-occurring",FALSE
"genus","Pityogenes hopkinsi","Ophiostoma",69,19,23,13,6,10,40,0.448275862068966,0.239489295826421,0.0542886191345112,3.84586253198361,0.002,1,0.004,0.136,0.000347536390986333,0.0107420339032139,"co-occurring",FALSE
"genus","Pityogenes hopkinsi","Leptographium",69,19,20,12,7,8,42,0.444444444444444,0.240970995261992,0.0484217990298584,4.20210428482808,0.001,1,0.002,0.113333333333333,0.000259059405672516,0.0107420339032139,"co-occurring",FALSE
"genus","Pityogenes hopkinsi","Sporothrix",69,19,34,16,3,18,32,0.432432432432432,0.276877242443657,0.0471900304548284,3.29635705867316,0.005,0.999,0.01,0.2,0.000402058969674789,0.0113916708074523,"co-occurring",FALSE
"genus","Pityogenes hopkinsi","Any Ophiostomatales",69,19,44,19,0,25,25,0.431818181818182,0.284252113711855,0.0379663887354164,3.88675544399808,5e-04,1,0.001,0.113333333333333,4.06607353173474e-05,0.00289199519029264,"co-occurring",FALSE
"genus","Pityogenes hopkinsi","Ceratocystiopsis",69,19,21,12,7,9,41,0.428571428571429,0.296511393596421,0.0559355062583163,2.36093393640061,0.036,0.995,0.072,0.51,0.000775971156452571,0.0202946302456826,"co-occurring",FALSE
"genus","Pityogenes hopkinsi","Grosmannia",69,19,18,9,10,9,41,0.321428571428571,0.176774657519935,0.0489260667054134,2.95658170887935,0.009,0.9985,0.018,0.266086956521739,0.0287037883736584,0.199169143817222,"co-occurring",FALSE
"genus","Pityogenes hopkinsi","Raffaelea",69,19,10,6,13,4,46,0.260869565217391,0.0901407534295714,0.0417990299385245,4.08451612486982,0.001,1,0.002,0.113333333333333,0.021566775884163,0.183002393876191,"co-occurring",FALSE
"genus","Pityogenes hopkinsi","Ophiostomatales (unclassified genus)",69,19,7,4,15,3,47,0.181818181818182,0.0843729506386926,0.0396332412347654,2.45867428813802,0.0285,1,0.057,0.450697674418605,0.084920865420541,0.380725417281606,"co-occurring",FALSE
"genus","Pityogenes hopkinsi","Hawksworthiomyces",69,19,10,4,15,6,44,0.16,0.121448235885562,0.0440654005666427,0.874876061914686,0.341,0.921,0.682,1,0.445364014161838,0.845942820195671,"co-occurring",FALSE
"genus","Pityophthorus cariniceps","Sporothrix",69,8,34,5,3,29,32,0.135135135135135,0.125623545825378,0.0361964360926119,0.262776956422466,0.5525,0.761,1,1,0.477262516847202,0.880253799162692,"co-occurring",FALSE
"genus","Pityophthorus cariniceps","Ceratocystiopsis",69,8,21,3,5,18,43,0.115384615384615,0.137979316432892,0.0546433258222375,-0.413494250364261,0.7905,0.518,1,1,0.691797907267051,0.953726981305219,"avoiding",FALSE
"genus","Pityophthorus cariniceps","Any Ophiostomatales",69,8,44,5,3,39,22,0.106382978723404,0.118001536613078,0.0264999264998289,-0.438437362826236,0.8135,0.502,1,1,1,1,"avoiding",FALSE
"genus","Pityophthorus cariniceps","Grosmannia",69,8,18,2,6,16,45,0.0833333333333333,0.11682173478985,0.0533167716527983,-0.628102572950125,0.8605,0.452,0.904,1,1,1,"avoiding",FALSE
"genus","Pityophthorus cariniceps","Graphilbum",69,8,20,2,6,18,43,0.0769230769230769,0.134818510569429,0.0526543499297935,-1.09953752583683,0.951,0.24,0.48,1,1,1,"avoiding",FALSE
"genus","Pityophthorus cariniceps","Leptographium",69,8,20,2,6,18,43,0.0769230769230769,0.155940586759039,0.054543004353214,-1.44871942374597,0.9805,0.1325,0.265,1,1,1,"avoiding",FALSE
"genus","Pityophthorus cariniceps","Hawksworthiomyces",69,8,10,1,7,9,52,0.0588235294117647,0.0635832622193462,0.0552407019712911,-0.0861635105588475,0.7145,0.7395,1,1,1,1,"avoiding",FALSE
"genus","Pityophthorus cariniceps","Ophiostoma",69,8,23,1,7,22,39,0.0333333333333333,0.125353219744898,0.0485114622485,-1.89686894903709,0.997,0.051,0.102,0.65433962264151,0.253429611539442,0.673172405651642,"avoiding",FALSE
"genus","Pityophthorus cariniceps","Raffaelea",69,8,10,0,8,10,51,0,0.0643891273367788,0.0540376918955375,-1.19155954072302,1,0.2785,0.557,1,0.591997445202134,0.935391966058339,"avoiding",FALSE
"genus","Pityophthorus cariniceps","Ophiostomatales (unclassified genus)",69,8,7,0,8,7,54,0,0.0470771099835629,0.0521500529563622,-0.902724106971776,1,0.4725,0.945,1,0.58828055514699,0.935391966058339,"avoiding",FALSE
"genus","Pityophthorus consimilis","Sporothrix",69,5,34,5,0,29,35,0.147058823529412,0.0712099201199784,0.0311720858706139,2.43323156891906,0.0265,1,0.053,0.445238095238095,0.0247591474067788,0.183002393876191,"co-occurring",FALSE
"genus","Pityophthorus consimilis","Leptographium",69,5,20,3,2,17,47,0.136363636363636,0.105459809238327,0.0496464106032804,0.622478579010653,0.4295,0.874,0.859,1,0.141793580698799,0.522096752586545,"co-occurring",FALSE
"genus","Pityophthorus consimilis","Ceratocystiopsis",69,5,21,3,2,18,46,0.130434782608696,0.0648077002928349,0.0423375185582632,1.55009279123308,0.164,0.9825,0.328,1,0.160863719248267,0.522096752586545,"co-occurring",FALSE
"genus","Pityophthorus consimilis","Any Ophiostomatales",69,5,44,5,0,39,25,0.113636363636364,0.0666609763384381,0.0242053211575167,1.94070497938168,0.0705,1,0.141,0.800645161290322,0.150886331670391,0.522096752586545,"co-occurring",FALSE
"genus","Pityophthorus consimilis","Grosmannia",69,5,18,2,3,16,48,0.0952380952380952,0.0654936376823653,0.0439832093604477,0.676268466722619,0.4115,0.899,0.823,1,0.599751319413876,0.935391966058339,"co-occurring",FALSE
"genus","Pityophthorus consimilis","Ophiostomatales (unclassified genus)",69,5,7,1,4,6,58,0.0909090909090909,0.0485485166825844,0.0631473131989183,0.670821482033097,0.438,0.9265,0.876,1,0.424211904190528,0.822638409336459,"co-occurring",FALSE
"genus","Pityophthorus consimilis","Ophiostoma",69,5,23,2,3,21,43,0.0769230769230769,0.067074736426805,0.0409810440556763,0.240314533785232,0.5695,0.789,1,1,1,1,"co-occurring",FALSE
"genus","Pityophthorus consimilis","Raffaelea",69,5,10,1,4,9,55,0.0714285714285714,0.0654077038519261,0.0597372802409324,0.100789114475281,0.6545,0.794,1,1,0.554533059667235,0.935391966058339,"co-occurring",FALSE
"genus","Pityophthorus consimilis","Graphilbum",69,5,20,1,4,19,45,0.0416666666666667,0.0679633765687659,0.0416499218086087,-0.631374772393064,0.889,0.4925,0.985,1,1,1,"avoiding",FALSE
"genus","Pityophthorus consimilis","Hawksworthiomyces",69,5,10,0,5,10,54,0,0.0388133627253184,0.0499292997094437,-0.777366455191385,1,0.559,1,1,1,1,"avoiding",FALSE
"genus","Pityophthorus lautus","Grosmannia",69,4,18,1,3,17,48,0.0476190476190476,0.0662294806551148,0.0414295194378213,-0.4492070699492,0.863,0.5955,1,1,1,1,"avoiding",FALSE
"genus","Pityophthorus lautus","Leptographium",69,4,20,1,3,19,46,0.0434782608695652,0.0292122345757856,0.0298980312862731,0.477156042723438,0.5515,0.8895,1,1,1,1,"co-occurring",FALSE
"genus","Pityophthorus lautus","Ceratocystiopsis",69,4,21,1,3,20,45,0.0416666666666667,0.0272781318195327,0.0285740138423508,0.503553155903077,0.538,0.8925,1,1,1,1,"co-occurring",FALSE
"genus","Pityophthorus lautus","Sporothrix",69,4,34,1,3,33,32,0.027027027027027,0.0416067750735092,0.026026000109172,-0.560199338558523,0.8645,0.512,1,1,0.613887086307592,0.948734587929916,"avoiding",FALSE
"genus","Pityophthorus lautus","Any Ophiostomatales",69,4,44,1,3,43,22,0.0212765957446809,0.0551712320713373,0.020953735268926,-1.61759399418019,0.984,0.1315,0.263,1,0.131694468832309,0.520652551197501,"avoiding",FALSE
"genus","Pityophthorus lautus","Graphilbum",69,4,20,0,4,20,45,0,0.0286487117076322,0.0300692435621296,-0.95275797837873,1,0.4625,0.925,1,0.315304435738073,0.747443074692127,"avoiding",FALSE
"genus","Pityophthorus lautus","Hawksworthiomyces",69,4,10,0,4,10,55,0,0.0123138492323084,0.0282132323766122,-0.436456520399136,1,0.84,1,1,1,1,"avoiding",FALSE
"genus","Pityophthorus lautus","Ophiostoma",69,4,23,0,4,23,42,0,0.0533160978482541,0.036551702091457,-1.45864883979549,1,0.1725,0.345,1,0.293239683933275,0.733099209833187,"avoiding",FALSE
"genus","Pityophthorus lautus","Raffaelea",69,4,10,0,4,10,55,0,0.0530649940354804,0.0536997606260137,-0.988179340407975,1,0.4365,0.873,1,1,1,"avoiding",FALSE
"genus","Pityophthorus lautus","Ophiostomatales (unclassified genus)",69,4,7,0,4,7,58,0,0,0,NA,1,1,1,1,1,1,"co-occurring",FALSE
"genus","Pityophthorus puberulus","Ceratocystiopsis",69,15,21,7,8,14,40,0.241379310344828,0.199503072927715,0.0442673931893776,0.945983813367203,0.299,0.921,0.598,1,0.202658742892841,0.593999763651431,"co-occurring",FALSE
"genus","Pityophthorus puberulus","Any Ophiostomatales",69,15,44,10,5,34,20,0.204081632653061,0.201576337040323,0.0314259400311034,0.0797206260260894,0.6075,0.6985,1,1,1,1,"co-occurring",FALSE
"genus","Pityophthorus puberulus","Sporothrix",69,15,34,8,7,26,28,0.195121951219512,0.184733946610556,0.0388529952331872,0.267366892735296,0.522,0.7495,1,1,0.776647279010005,1,"co-occurring",FALSE
"genus","Pityophthorus puberulus","Ophiostoma",69,15,23,6,9,17,37,0.1875,0.175267832448993,0.0489795565183886,0.249740267583168,0.526,0.7495,1,1,0.549642266045406,0.935391966058339,"co-occurring",FALSE
"genus","Pityophthorus puberulus","Graphilbum",69,15,20,5,10,15,39,0.166666666666667,0.174274257748593,0.0490276338740199,-0.155169452017083,0.702,0.614,1,1,0.750980647937143,0.985843321616327,"avoiding",FALSE
"genus","Pityophthorus puberulus","Hawksworthiomyces",69,15,10,3,12,7,47,0.136363636363636,0.148795740505496,0.0569894739844607,-0.218147374816093,0.735,0.6215,1,1,0.678710346127534,0.953726981305219,"avoiding",FALSE
"genus","Pityophthorus puberulus","Leptographium",69,15,20,4,11,16,38,0.129032258064516,0.14423194434957,0.0366385258217404,-0.414855290821619,0.826,0.5585,1,1,1,1,"avoiding",FALSE
"genus","Pityophthorus puberulus","Grosmannia",69,15,18,3,12,15,39,0.1,0.0635718373647326,0.0299448163657835,1.2165098022405,0.271,0.9735,0.542,1,0.742915243821747,0.982845069647448,"co-occurring",FALSE
"genus","Pityophthorus puberulus","Ophiostomatales (unclassified genus)",69,15,7,2,13,5,49,0.1,0.0564996784106345,0.034972195818928,1.24385445553927,0.3295,1,0.659,1,0.640922733172084,0.953726981305219,"co-occurring",FALSE
"genus","Pityophthorus puberulus","Raffaelea",69,15,10,2,13,8,46,0.0869565217391304,0.0426168288360255,0.0313356546446647,1.41499175319302,0.212,0.979,0.424,1,1,1,"co-occurring",FALSE
"genus","Pseudopityophthorus minutissimus","Ophiostomatales (unclassified genus)",69,5,7,1,4,6,58,0.0909090909090909,0.0315430442493978,0.0495205376142828,1.19881668333445,0.3155,0.9735,0.631,1,0.424211904190528,0.822638409336459,"co-occurring",FALSE
"genus","Pseudopityophthorus minutissimus","Leptographium",69,5,20,2,3,18,46,0.0869565217391304,0.0564291533118338,0.037586294837849,0.812194140417264,0.4005,0.9255,0.801,1,0.62294655885525,0.953726981305219,"co-occurring",FALSE
"genus","Pseudopityophthorus minutissimus","Raffaelea",69,5,10,1,4,9,55,0.0714285714285714,0.0494587953317315,0.0499598845607571,0.439748335889809,0.5645,0.889,1,1,0.554533059667235,0.935391966058339,"co-occurring",FALSE
"genus","Pseudopityophthorus minutissimus","Sporothrix",69,5,34,2,3,32,32,0.0540540540540541,0.054190335841145,0.0297523118956243,-0.00458054444874781,0.676,0.7045,1,1,1,1,"avoiding",FALSE
"genus","Pseudopityophthorus minutissimus","Grosmannia",69,5,18,1,4,17,47,0.0454545454545455,0.0321709556076743,0.0343587585349488,0.386614371801571,0.552,0.8725,1,1,1,1,"co-occurring",FALSE
"genus","Pseudopityophthorus minutissimus","Any Ophiostomatales",69,5,44,2,3,42,22,0.0425531914893617,0.0611515648123908,0.0236000101941833,-0.788066325819344,0.903,0.3925,0.785,1,0.344488456791392,0.774054598190497,"avoiding",FALSE
"genus","Pseudopityophthorus minutissimus","Ceratocystiopsis",69,5,21,1,4,20,44,0.04,0.0259479739869932,0.0269830325456453,0.52077267405863,0.54,0.8995,1,1,1,1,"co-occurring",FALSE
"genus","Pseudopityophthorus minutissimus","Ophiostoma",69,5,23,1,4,22,42,0.037037037037037,0.0576102928213779,0.0389953680794067,-0.527582038524353,0.848,0.5235,1,1,0.658269737286419,0.953726981305219,"avoiding",FALSE
"genus","Pseudopityophthorus minutissimus","Graphilbum",69,5,20,0,5,20,44,0,0.0493112051037755,0.0378108888050396,-1.30415355634811,1,0.222,0.444,1,0.311467629213936,0.747443074692127,"avoiding",FALSE
"genus","Pseudopityophthorus minutissimus","Hawksworthiomyces",69,5,10,0,5,10,54,0,0.0245644800422188,0.0387402506487119,-0.634081598102298,1,0.688,1,1,1,1,"avoiding",FALSE
"genus","Xyleborinus attenuatus","Grosmannia",69,24,18,13,11,5,40,0.448275862068966,0.219287055213021,0.0591688690366967,3.87008929837623,0.002,0.9995,0.004,0.136,0.000294641253513014,0.0107420339032139,"co-occurring",FALSE
"genus","Xyleborinus attenuatus","Any Ophiostomatales",69,24,44,21,3,23,22,0.446808510638298,0.312144294855392,0.0454343158797443,2.96393184700603,0.006,0.9985,0.012,0.214736842105263,0.00348571614556371,0.0658413049717589,"co-occurring",FALSE
"genus","Xyleborinus attenuatus","Sporothrix",69,24,34,16,8,18,27,0.380952380952381,0.286892600139012,0.0537295430812136,1.75061568402313,0.0825,0.9735,0.165,0.825,0.0449472246879217,0.263483730929196,"co-occurring",FALSE
"genus","Xyleborinus attenuatus","Leptographium",69,24,20,12,12,8,37,0.375,0.236824949429064,0.0551588888833103,2.50503687380738,0.02,0.996,0.04,0.412121212121212,0.0108026010176985,0.146554968986513,"co-occurring",FALSE
"genus","Xyleborinus attenuatus","Raffaelea",69,24,10,8,16,2,43,0.307692307692308,0.124799027073551,0.0530724518695612,3.44610573237246,0.0035,1,0.007,0.158666666666667,0.00232011746984478,0.0504395020942716,"co-occurring",FALSE
"genus","Xyleborinus attenuatus","Ophiostoma",69,24,23,11,13,12,33,0.305555555555556,0.241130162827617,0.0613806277596343,1.0496046567042,0.223,0.9045,0.446,1,0.118649286694861,0.474597146779445,"co-occurring",FALSE
"genus","Xyleborinus attenuatus","Graphilbum",69,24,20,10,14,10,35,0.294117647058824,0.193175132453586,0.0521758970041413,1.93465796279891,0.061,0.986,0.122,0.740714285714286,0.103349548068589,0.444795523333169,"co-occurring",FALSE
"genus","Xyleborinus attenuatus","Ophiostomatales (unclassified genus)",69,24,7,7,17,0,45,0.291666666666667,0.115504446011337,0.0462084836037659,3.81233502847457,0.001,1,0.002,0.113333333333333,0.000320794218950496,0.0107420339032139,"co-occurring",FALSE
"genus","Xyleborinus attenuatus","Ceratocystiopsis",69,24,21,9,15,12,33,0.25,0.184408319575557,0.0470398844361668,1.39438438700782,0.1485,0.9545,0.297,1,0.414892243500546,0.822638409336459,"co-occurring",FALSE
"genus","Xyleborinus attenuatus","Hawksworthiomyces",69,24,10,4,20,6,39,0.133333333333333,0.112002273124575,0.0450744330372114,0.473240787990584,0.4675,0.826,0.935,1,0.729883571225281,0.973178094967041,"co-occurring",FALSE
"genus","Xyleborinus saxesenii","Ophiostoma",69,25,23,12,13,11,33,0.333333333333333,0.259436694479408,0.0547873438391752,1.34879031680828,0.153,0.9485,0.306,1,0.0657910112210004,0.32418759152377,"co-occurring",FALSE
"genus","Xyleborinus saxesenii","Any Ophiostomatales",69,25,44,16,9,28,16,0.30188679245283,0.336226055551934,0.0401263866274249,-0.855777606340308,0.887,0.2955,0.591,1,1,1,"avoiding",FALSE
"genus","Xyleborinus saxesenii","Sporothrix",69,25,34,13,12,21,23,0.282608695652174,0.293611406470301,0.0457859343725158,-0.240307661488551,0.702,0.537,1,1,0.804932545156465,1,"avoiding",FALSE
"genus","Xyleborinus saxesenii","Grosmannia",69,25,18,9,16,9,35,0.264705882352941,0.254420911891314,0.0545109578090438,0.188677118785108,0.544,0.7085,1,1,0.169079271161882,0.537261235467661,"co-occurring",FALSE
"genus","Xyleborinus saxesenii","Leptographium",69,25,20,9,16,11,33,0.25,0.228553462257997,0.050471389017032,0.424924658498417,0.4645,0.784,0.929,1,0.410840382267571,0.822638409336459,"co-occurring",FALSE
"genus","Xyleborinus saxesenii","Ophiostomatales (unclassified genus)",69,25,7,6,19,1,43,0.230769230769231,0.125908552347198,0.0465800863750947,2.25119115446938,0.0425,0.9955,0.085,0.566666666666667,0.00766810742666757,0.113354631524651,"co-occurring",FALSE
"genus","Xyleborinus saxesenii","Graphilbum",69,25,20,8,17,12,32,0.216216216216216,0.156320790859641,0.0407938197265852,1.46824753744602,0.1485,0.9755,0.297,1,0.784178913944078,1,"co-occurring",FALSE
"genus","Xyleborinus saxesenii","Raffaelea",69,25,10,5,20,5,39,0.166666666666667,0.161225141194944,0.047376804818164,0.114856320357766,0.603,0.7145,1,1,0.478184171685202,0.880253799162692,"co-occurring",FALSE
"genus","Xyleborinus saxesenii","Ceratocystiopsis",69,25,21,6,19,15,29,0.15,0.136742944206665,0.0340379735515952,0.389478409260768,0.5065,0.805,1,1,0.427379034908067,0.822638409336459,"co-occurring",FALSE
"genus","Xyleborinus saxesenii","Hawksworthiomyces",69,25,10,3,22,7,37,0.09375,0.118317646479855,0.0396924615621012,-0.618949934395404,0.862,0.4475,0.895,1,0.737386805357912,0.979341850865977,"avoiding",FALSE
"genus","Xylosandrus crassiusculus","Ceratocystiopsis",69,8,21,4,4,17,44,0.16,0.161573479047218,0.0315131682522185,-0.0499308427075377,0.7785,0.763,1,1,0.234512011537699,0.642168588338979,"avoiding",FALSE
"genus","Xylosandrus crassiusculus","Ophiostoma",69,8,23,4,4,19,42,0.148148148148148,0.149646449682674,0.0359081524174254,-0.0417259433765498,0.7275,0.726,1,1,0.426246831090497,0.822638409336459,"avoiding",FALSE
"genus","Xylosandrus crassiusculus","Any Ophiostomatales",69,8,44,6,2,38,23,0.130434782608696,0.147589429321602,0.0150741170161452,-1.13802000439112,1,0.3875,0.775,1,0.701269839195014,0.953726981305219,"avoiding",FALSE
"genus","Xylosandrus crassiusculus","Graphilbum",69,8,20,3,5,17,44,0.12,0.106704121291415,0.0264197584457984,0.50325512005956,0.6135,0.928,1,1,0.68224125322882,0.953726981305219,"co-occurring",FALSE
"genus","Xylosandrus crassiusculus","Leptographium",69,8,20,3,5,17,44,0.12,0.136703781099022,0.035266893527908,-0.473639139375962,0.8655,0.567,1,1,0.68224125322882,0.953726981305219,"avoiding",FALSE
"genus","Xylosandrus crassiusculus","Sporothrix",69,8,34,4,4,30,31,0.105263157894737,0.125823124203892,0.0230610163841188,-0.891546407439102,0.9565,0.417,0.834,1,1,1,"avoiding",FALSE
"genus","Xylosandrus crassiusculus","Grosmannia",69,8,18,2,6,16,45,0.0833333333333333,0.150176294621996,0.0440352847959387,-1.51794093301351,0.9895,0.152,0.304,1,1,1,"avoiding",FALSE
"genus","Xylosandrus crassiusculus","Hawksworthiomyces",69,8,10,1,7,9,52,0.0588235294117647,0.0832401494865094,0.0383291419425293,-0.63702495900782,0.939,0.577,1,1,1,1,"avoiding",FALSE
"genus","Xylosandrus crassiusculus","Raffaelea",69,8,10,0,8,10,51,0,0.0828980666804002,0.041436706595835,-2.0005949673793,1,0.096,0.192,0.906666666666667,0.591997445202134,0.935391966058339,"avoiding",FALSE
"genus","Xylosandrus crassiusculus","Ophiostomatales (unclassified genus)",69,8,7,0,8,7,54,0,0.0493103694704487,0.0330333556395131,-1.49274478828502,1,0.31,0.62,1,0.58828055514699,0.935391966058339,"avoiding",FALSE
"genus","Xylosandrus germanus","Any Ophiostomatales",69,45,44,32,13,12,12,0.56140350877193,0.566498544225595,0.0388848513410467,-0.131028801138478,0.6695,0.5985,1,1,0.115276917846652,0.466597048426924,"avoiding",FALSE
"genus","Xylosandrus germanus","Sporothrix",69,45,34,25,20,9,15,0.462962962962963,0.456127648841907,0.0381322879509704,0.179252661939519,0.5625,0.707,1,1,0.207643268020148,0.598294162091953,"co-occurring",FALSE
"genus","Xylosandrus germanus","Ophiostoma",69,45,23,18,27,5,19,0.36,0.344652287719729,0.0344275571676629,0.445797307242201,0.4705,0.804,0.941,1,0.179277529103334,0.554130544501214,"co-occurring",FALSE
"genus","Xylosandrus germanus","Graphilbum",69,45,20,17,28,3,21,0.354166666666667,0.332008432181725,0.0309732333413539,0.715399462520976,0.408,0.8875,0.816,1,0.0492401186359973,0.277960911214082,"co-occurring",FALSE
"genus","Xylosandrus germanus","Leptographium",69,45,20,16,29,4,20,0.326530612244898,0.348278807983572,0.0322007516868974,-0.675394038938636,0.872,0.4055,0.811,1,0.162771340512276,0.522096752586545,"avoiding",FALSE
"genus","Xylosandrus germanus","Grosmannia",69,45,18,15,30,3,21,0.3125,0.290036209267542,0.0303759358700937,0.739525880898863,0.3875,0.8895,0.775,1,0.0850821549858256,0.380725417281606,"co-occurring",FALSE
"genus","Xylosandrus germanus","Ceratocystiopsis",69,45,21,15,30,6,18,0.294117647058824,0.334268053686035,0.0254003461879881,-1.58070312625102,0.9875,0.137,0.274,1,0.586932480670838,0.935391966058339,"avoiding",FALSE
"genus","Xylosandrus germanus","Raffaelea",69,45,10,7,38,3,21,0.145833333333333,0.128368472612513,0.0255522663473202,0.683495564871972,0.4025,0.881,0.805,1,1,1,"co-occurring",FALSE
"genus","Xylosandrus germanus","Ophiostomatales (unclassified genus)",69,45,7,6,39,1,23,0.130434782608696,0.103268898603809,0.0212034597355121,1.28120053725894,0.231,0.976,0.462,1,0.407940501114338,0.822638409336459,"co-occurring",FALSE
"genus","Xylosandrus germanus","Hawksworthiomyces",69,45,10,5,40,5,19,0.1,0.116314087259415,0.0203434593042738,-0.80193279891132,0.9215,0.3965,0.793,1,0.300389004843101,0.745490960924484,"avoiding",FALSE
"genus","Xyloterinus politus","Any Ophiostomatales",69,22,44,18,4,26,21,0.375,0.25358291232272,0.0420917828981652,2.88457934820748,0.0045,0.9995,0.009,0.19125,0.0583780115691844,0.30536190666958,"co-occurring",FALSE
"genus","Xyloterinus politus","Sporothrix",69,22,34,15,7,19,28,0.365853658536585,0.230700293934986,0.0497553565559697,2.71635807593029,0.015,0.9975,0.03,0.351724137931034,0.0406055059187453,0.251015854770426,"co-occurring",FALSE
"genus","Xyloterinus politus","Grosmannia",69,22,18,10,12,8,39,0.333333333333333,0.156531446601481,0.053408729839722,3.31035557786957,0.0035,1,0.007,0.158666666666667,0.0185910138821605,0.180598420569559,"co-occurring",FALSE
"genus","Xyloterinus politus","Graphilbum",69,22,20,10,12,10,37,0.3125,0.188339631674638,0.0516069876645024,2.40588288416542,0.025,0.996,0.05,0.445238095238095,0.0498694576001735,0.277960911214082,"co-occurring",FALSE
"genus","Xyloterinus politus","Ophiostoma",69,22,23,10,12,13,34,0.285714285714286,0.200832340348721,0.0571087948681819,1.48632002411343,0.1225,0.9605,0.245,1,0.175774608751533,0.553364509032605,"co-occurring",FALSE
"genus","Xyloterinus politus","Leptographium",69,22,20,9,13,11,36,0.272727272727273,0.194330627384293,0.0520657342648445,1.50572437803713,0.126,0.9625,0.252,1,0.16130121610303,0.522096752586545,"co-occurring",FALSE
"genus","Xyloterinus politus","Raffaelea",69,22,10,6,16,4,43,0.230769230769231,0.117342628435659,0.0528836811685746,2.14483182386656,0.0475,0.99,0.095,0.621153846153846,0.0635865260939953,0.319996351809297,"co-occurring",FALSE
"genus","Xyloterinus politus","Ophiostomatales (unclassified genus)",69,22,7,5,17,2,45,0.208333333333333,0.0698215489511143,0.0422615625100839,3.27748848257017,0.0055,1,0.011,0.207777777777778,0.0297937630850273,0.202597588978186,"co-occurring",FALSE
"genus","Xyloterinus politus","Ceratocystiopsis",69,22,21,7,15,14,33,0.194444444444444,0.173416069984458,0.0458396724759556,0.458737449989774,0.441,0.806,0.882,1,1,1,"co-occurring",FALSE
"genus","Xyloterinus politus","Hawksworthiomyces",69,22,10,2,20,8,39,0.0666666666666667,0.0840136380304668,0.0412023185345268,-0.42101930135955,0.8005,0.5265,1,1,0.484172009754844,0.885045609229286,"avoiding",FALSE
