"taxon","t_stat","p_perm","q_value","lure_F_stat","lure_r2","lure_q_value"
"ASV_181",-2.82555792487273,0.005,0.28,1.21382700143757,0.0388456934886655,0.982973967684022
"ASV_236",-3.2162107830498,0.004,0.28,1.83593227425072,0.0539872784674713,0.982973967684022
"ASV_250",4.0337046466965,0.003,0.28,1.85372694380957,0.0554507761691784,0.982973967684022
"ASV_442",2.93836183892249,0.006,0.28,1.27450534832318,0.038464973308721,0.982973967684022
"ASV_480",-2.93213628253793,0.007,0.28,1.03692948919473,0.0325385743617748,0.982973967684022
"ASV_135",-2.24944885129139,0.021,0.6,2.27150688561402,0.0705256563557435,0.982973967684022
"ASV_506",2.33284424216803,0.019,0.6,1.18260223015777,0.0352605504059879,0.982973967684022
"ASV_95",-2.19365854666155,0.025,0.625,3.46805051423326,0.100480580628404,0.982973967684022
"ASV_8",1.76190526987689,0.105,0.763265306122449,0.867365807828543,0.0271575839373397,0.982973967684022
"ASV_10",1.34111335599239,0.155,0.763265306122449,20.7012578762604,0.401058189165924,0.982973967684022
"ASV_34",1.27960290825434,0.165,0.763265306122449,1.0714290104244,0.0335141547281681,0.982973967684022
"ASV_50",-1.58987858866285,0.106,0.763265306122449,7.38552962591185,0.193387895566643,0.982973967684022
"ASV_54",1.36380462776583,0.15,0.763265306122449,12.7053127594753,0.290878238284457,0.982973967684022
"ASV_57",-1.41848483048054,0.126,0.763265306122449,6.58859558638009,0.175886830230696,0.982973967684022
"ASV_89",-2.30506530173155,0.059,0.763265306122449,3.42083696423351,0.100524508601309,0.982973967684022
"ASV_94",1.71249450612896,0.176,0.763265306122449,5.56849594094881,0.151865298242972,0.982973967684022
"ASV_96",1.6786892797604,0.147,0.763265306122449,0.484711292304613,0.0153390526249865,0.982973967684022
"ASV_100",1.60609416691998,0.148,0.763265306122449,0.702319428657091,0.0228445306292004,0.982973967684022
"ASV_131",-2.78896607045239,0.043,0.763265306122449,2.15020172779174,0.0647958183019792,0.982973967684022
"ASV_143",1.47320001438766,0.187,0.763265306122449,0.986115862862462,0.0304937672719681,0.982973967684022
"ASV_213",-1.7419869982369,0.044,0.763265306122449,3.46869572712751,0.101403513240841,0.982973967684022
"ASV_214",-1.41609666795108,0.169,0.763265306122449,0.548084580329945,0.0202253434079409,0.982973967684022
"ASV_218",-1.83252170695162,0.073,0.763265306122449,4.22752621133242,0.121433460641953,0.982973967684022
"ASV_225",-1.56150600713956,0.092,0.763265306122449,1.97778554730963,0.0604281765784425,0.982973967684022
"ASV_251",1.59914330752306,0.184,0.763265306122449,1.38602180867804,0.0427227387250471,0.982973967684022
"ASV_255",-1.69506823905939,0.072,0.763265306122449,1.90106968224092,0.056870339658377,0.982973967684022
"ASV_266",1.39052746330263,0.183,0.763265306122449,0.566591877325862,0.0182236680580638,0.982973967684022
"ASV_272",-1.62579332187165,0.068,0.763265306122449,2.21895686326621,0.0717474068694952,0.982973967684022
"ASV_275",-2.28057262255091,0.049,0.763265306122449,2.3355197840369,0.0711091058346932,0.982973967684022
"ASV_302",-1.85103837344776,0.089,0.763265306122449,0.64340114751359,0.0219997124953984,0.982973967684022
"ASV_317",-1.85556338577129,0.067,0.763265306122449,2.52613918687218,0.0759771963559989,0.982973967684022
"ASV_321",-1.19963930482083,0.176,0.763265306122449,1.44141328404,0.0436341425620296,0.982973967684022
"ASV_335",-1.43818999082551,0.113,0.763265306122449,6.36374315298754,0.173165306274355,0.982973967684022
"ASV_341",-1.72537945128615,0.064,0.763265306122449,4.2371291112651,0.121388960279825,0.982973967684022
"ASV_343",1.52149106496519,0.166,0.763265306122449,0.862111115268355,0.0264047661577515,0.982973967684022
"ASV_368",1.50409181283131,0.15,0.763265306122449,0.466489806518442,0.015448988168956,0.982973967684022
"ASV_377",1.62641139909582,0.161,0.763265306122449,3.42934905838069,0.0998093477295262,0.982973967684022
"ASV_381",1.35233182782065,0.18,0.763265306122449,0.926629882770776,0.0284457110849538,0.982973967684022
"ASV_383",-1.56676061115967,0.123,0.763265306122449,1.86080729243459,0.0582093197416313,0.982973967684022
"ASV_386",1.1893229781396,0.182,0.763265306122449,1.68770338188801,0.051701678795035,0.982973967684022
"ASV_388",1.53488985587695,0.154,0.763265306122449,1.23131500196143,0.039012393926853,0.982973967684022
"ASV_395",-1.50019607328198,0.156,0.763265306122449,2.1829343406502,0.0656924141529371,0.982973967684022
"ASV_397",-1.35774236897193,0.171,0.763265306122449,2.48277815221759,0.072031379703413,0.982973967684022
"ASV_417",1.72374259338764,0.125,0.763265306122449,2.29627487658351,0.068944679022171,0.982973967684022
"ASV_419",-1.61958488268166,0.123,0.763265306122449,0.779246288553382,0.0251856346829403,0.982973967684022
"ASV_459",-1.43306139871097,0.138,0.763265306122449,1.15816715675459,0.0366404786941111,0.982973967684022
"ASV_504",-1.5868381523696,0.113,0.763265306122449,0.933540932681958,0.0292710183187595,0.982973967684022
"ASV_505",1.33143263680901,0.174,0.763265306122449,1.43613839351308,0.0451766041653203,0.982973967684022
"ASV_523",1.4617734417155,0.142,0.763265306122449,1.27833289531991,0.0405206331564935,0.982973967684022
"ASV_182",-1.7219081684168,0.195,0.764705882352941,3.03707755555329,0.0894872873059882,0.982973967684022
"ASV_235",1.51603292480628,0.194,0.764705882352941,0.604502147620233,0.0194653638364349,0.982973967684022
"ASV_81",-1.27728395231321,0.203,0.780769230769231,1.06587109153637,0.030376074856319,0.982973967684022
"ASV_260",-1.41226464256001,0.226,0.796551724137931,3.87003673935114,0.111553420822659,0.982973967684022
"ASV_286",-1.26907921028662,0.227,0.796551724137931,1.81223110587634,0.0569215890561135,0.982973967684022
"ASV_362",1.22233443030854,0.224,0.796551724137931,1.34249380190526,0.0406798611351298,0.982973967684022
"ASV_394",-1.34645103635239,0.231,0.796551724137931,0.632352404083711,0.0208253836450849,0.982973967684022
"ASV_446",-1.27467383061001,0.23,0.796551724137931,1.86468483710104,0.0576322869331912,0.982973967684022
"ASV_516",-1.08864223800041,0.215,0.796551724137931,3.96829414518372,0.112202700680974,0.982973967684022
"ASV_80",-1.36781920608468,0.241,0.79672131147541,2.0124942980588,0.0616736695491613,0.982973967684022
"ASV_215",-1.15191516726857,0.243,0.79672131147541,0.465824249682674,0.0145667940890955,0.982973967684022
"ASV_485",-1.10683295780155,0.239,0.79672131147541,1.94427395407848,0.0591106003926124,0.982973967684022
"ASV_15",1.3371554433493,0.258,0.811428571428571,2.29925191684463,0.0702012295631993,0.982973967684022
"ASV_44",1.2425880919321,0.273,0.811428571428571,1.00736654010047,0.031021975112571,0.982973967684022
"ASV_109",-0.942468349057613,0.284,0.811428571428571,2.52424759769688,0.0778465404598868,0.982973967684022
"ASV_113",-1.00336937692865,0.28,0.811428571428571,1.95383944288804,0.0593153880889574,0.982973967684022
"ASV_149",1.01734953900112,0.283,0.811428571428571,1.64054516163014,0.0511219689267346,0.982973967684022
"ASV_366",1.08964916706063,0.263,0.811428571428571,1.25545112774831,0.0383975963041452,0.982973967684022
"ASV_408",-1.06598868151259,0.259,0.811428571428571,0.724499240391505,0.0227208206462279,0.982973967684022
"ASV_435",-1.0894835169273,0.265,0.811428571428571,1.99167482948595,0.0597100966462357,0.982973967684022
"ASV_497",-1.37686671285631,0.273,0.811428571428571,4.23807142446539,0.120266894748854,0.982973967684022
"ASV_136",1.17587424983753,0.305,0.847222222222222,0.817957045663813,0.0253826064025607,0.982973967684022
"ASV_161",0.977687532055665,0.304,0.847222222222222,5.89067448338923,0.160599157780388,0.982973967684022
"ASV_11",0.807405169487672,0.524,0.853968253968254,0.643455386784893,0.019795429756796,0.982973967684022
"ASV_19",-1.12970952707611,0.441,0.853968253968254,5.59259034944939,0.153270688334334,0.982973967684022
"ASV_21",0.783814196182436,0.397,0.853968253968254,1.67842516949267,0.0518005573707233,0.982973967684022
"ASV_31",0.639453526337716,0.5,0.853968253968254,2.46601875802286,0.0718167035719747,0.982973967684022
"ASV_32",-0.753086440781738,0.533,0.853968253968254,2.77094892902719,0.0813410236752911,0.982973967684022
"ASV_35",1.03183878608152,0.35,0.853968253968254,1.66998679041152,0.0506132787389596,0.982973967684022
"ASV_42",0.896319738365728,0.464,0.853968253968254,0.571515554914035,0.0185327617437307,0.982973967684022
"ASV_73",-1.01864923717187,0.366,0.853968253968254,3.17132971922687,0.0918012402020163,0.982973967684022
"ASV_76",0.746239618072086,0.525,0.853968253968254,0.595017237715717,0.019361137224736,0.982973967684022
"ASV_77",0.91094245200279,0.411,0.853968253968254,0.789390888182707,0.0247627173883684,0.982973967684022
"ASV_83",0.780072804218394,0.485,0.853968253968254,0.668336972601848,0.0205469888564299,0.982973967684022
"ASV_85",-0.885458163491707,0.418,0.853968253968254,1.96325972832791,0.0573889478728024,0.982973967684022
"ASV_92",-0.771842889922256,0.424,0.853968253968254,1.55097831871244,0.0475538452188381,0.982973967684022
"ASV_98",0.866202875559411,0.36,0.853968253968254,1.03339194992605,0.0315754769441846,0.982973967684022
"ASV_103",0.68334014262467,0.435,0.853968253968254,1.54146089145331,0.0464480382172269,0.982973967684022
"ASV_108",-0.595517905970879,0.534,0.853968253968254,0.326903222767336,0.010437228051846,0.982973967684022
"ASV_125",-0.755514951971467,0.449,0.853968253968254,0.624849480379356,0.0193493098772589,0.982973967684022
"ASV_144",-0.810179294918087,0.35,0.853968253968254,1.95413632941724,0.0593970937914638,0.982973967684022
"ASV_148",0.685183311760349,0.479,0.853968253968254,0.46980332527635,0.0160331266502025,0.982973967684022
"ASV_157",-0.594199832219485,0.492,0.853968253968254,4.24690673993922,0.120471850012846,0.982973967684022
"ASV_171",0.976789502361874,0.397,0.853968253968254,1.16245513879254,0.0360714199334642,0.982973967684022
"ASV_189",0.660983937783806,0.483,0.853968253968254,0.51504274479024,0.0154224234998845,0.982973967684022
"ASV_203",0.846543152302521,0.352,0.853968253968254,17.3002764127552,0.358737250051032,0.982973967684022
"ASV_209",-1.05426927635593,0.359,0.853968253968254,1.68921562396997,0.0513307491976537,0.982973967684022
"ASV_210",-0.865419518942467,0.529,0.853968253968254,4.33948619076363,0.123704357048271,0.982973967684022
"ASV_229",0.847304990483134,0.394,0.853968253968254,1.59329716419314,0.0488814113779105,0.982973967684022
"ASV_238",-0.63377089852839,0.533,0.853968253968254,0.773308439379429,0.0241338404904834,0.982973967684022
"ASV_247",-0.851907054911813,0.424,0.853968253968254,2.00848641201455,0.0613015104139211,0.982973967684022
"ASV_256",0.643769132061377,0.427,0.853968253968254,1.52044446304402,0.0479127607133546,0.982973967684022
"ASV_262",0.560570521105384,0.502,0.853968253968254,1.57610112704112,0.0479229897199125,0.982973967684022
"ASV_264",0.67298801352189,0.529,0.853968253968254,2.40723536244382,0.0727939404797613,0.982973967684022
"ASV_270",0.728461611477957,0.493,0.853968253968254,0.643654466448093,0.0193194734372692,0.982973967684022
"ASV_276",0.653947819696182,0.53,0.853968253968254,3.39679174676872,0.0980645691740628,0.982973967684022
"ASV_281",-0.765536967532019,0.388,0.853968253968254,2.39513826206061,0.0702087670272334,0.982973967684022
"ASV_292",-0.763002070813617,0.414,0.853968253968254,8.08963603508862,0.204370825108474,0.982973967684022
"ASV_294",-0.761485105931234,0.414,0.853968253968254,1.62945568456131,0.049839005808318,0.982973967684022
"ASV_298",0.954198731484987,0.481,0.853968253968254,1.42288523444349,0.044618038996665,0.982973967684022
"ASV_306",0.651166937136476,0.536,0.853968253968254,6.17343229957116,0.167279816897048,0.982973967684022
"ASV_309",0.744561765717509,0.515,0.853968253968254,2.12655438915314,0.0630225290500952,0.982973967684022
"ASV_311",-0.973061692781681,0.349,0.853968253968254,0.360391799080821,0.0123133340827826,0.982973967684022
"ASV_312",0.717851260949713,0.507,0.853968253968254,5.12847488006866,0.140580448882875,0.982973967684022
"ASV_316",1.03002926952982,0.312,0.853968253968254,1.07679228889775,0.0339673066574601,0.982973967684022
"ASV_330",-0.883247982507615,0.488,0.853968253968254,1.90076244738564,0.0582308394673316,0.982973967684022
"ASV_349",-0.814475056432919,0.48,0.853968253968254,1.42348855617343,0.0439035639332146,0.982973967684022
"ASV_358",-0.583384841232632,0.49,0.853968253968254,1.32514540957696,0.0410439537804619,0.982973967684022
"ASV_387",0.701565453596267,0.444,0.853968253968254,1.60296652998059,0.0497884185744898,0.982973967684022
"ASV_392",-0.878684640123583,0.335,0.853968253968254,5.37405535936665,0.145017937406678,0.982973967684022
"ASV_398",0.657233962385658,0.497,0.853968253968254,2.32455368755341,0.0696250368354539,0.982973967684022
"ASV_429",-0.833828571546963,0.469,0.853968253968254,1.60646205069686,0.0498169970639195,0.982973967684022
"ASV_461",-0.823055739515658,0.475,0.853968253968254,4.26165965044257,0.120674044347085,0.982973967684022
"ASV_471",-1.30653323387721,0.343,0.853968253968254,2.58511937932386,0.0771790194986495,0.982973967684022
"ASV_511",-0.5627507596499,0.538,0.853968253968254,4.11060010001098,0.115221105685329,0.982973967684022
"ASV_517",-0.863510020288296,0.368,0.853968253968254,0.564036594581987,0.0172763511095469,0.982973967684022
"ASV_520",0.690241263189041,0.448,0.853968253968254,7.00414470831204,0.183133372117222,0.982973967684022
"ASV_245",0.598612710271291,0.55,0.8640625,0.826851972146974,0.0266651796843144,0.982973967684022
"ASV_412",-0.512894229674076,0.553,0.8640625,3.49859444463539,0.101415377977235,0.982973967684022
"ASV_231",0.666365082772088,0.558,0.865116279069768,0.935352755252154,0.0284607097045758,0.982973967684022
"ASV_82",-0.582729753565877,0.573,0.880916030534351,0.530864563518463,0.0171306988722792,0.982973967684022
"ASV_307",-0.594269045155671,0.577,0.880916030534351,1.10190388680007,0.034242192568174,0.982973967684022
"ASV_401",0.6140614648627,0.584,0.884848484848485,0.274290790777457,0.00862620213056632,0.982973967684022
"ASV_172",-0.49188478068556,0.62,0.932330827067669,0.944682690219688,0.0294907204742237,0.982973967684022
"ASV_71",0.543353294251825,0.627,0.935820895522388,0.334592711090695,0.0101643813965264,0.982973967684022
"ASV_68",-0.412704449546599,0.644,0.954074074074074,0.459194580857865,0.0147440216855938,0.982973967684022
"ASV_118",-0.68316317651962,0.671,0.961971830985916,1.83262303288788,0.0559686169809588,0.982973967684022
"ASV_146",-0.489449604299589,0.675,0.961971830985916,0.310838112765279,0.00985386542721452,0.982973967684022
"ASV_194",0.443394169009342,0.681,0.961971830985916,0.514608355704461,0.0163204529558122,0.982973967684022
"ASV_248",0.624978704664622,0.678,0.961971830985916,2.55389428994256,0.0764919769943989,0.982973967684022
"ASV_328",0.5204267092094,0.683,0.961971830985916,1.31840042412169,0.0407688793700944,0.982973967684022
"ASV_439",-0.435103787554105,0.671,0.961971830985916,6.21974395425285,0.16707580204447,0.982973967684022
"ASV_518",-0.606540646394307,0.655,0.961971830985916,1.95768108626007,0.0596489860600872,0.982973967684022
"ASV_426",0.404277007117457,0.688,0.962237762237762,0.781387792921663,0.0246796372953596,0.982973967684022
"ASV_41",-0.356284916938224,0.702,0.971232876712329,3.5647053006436,0.103855098980792,0.982973967684022
"ASV_127",0.516930036485393,0.707,0.971232876712329,1.1269229994312,0.0348847745429081,0.982973967684022
"ASV_139",0.361976648264759,0.709,0.971232876712329,1.85643539295489,0.0576597273512097,0.982973967684022
"ASV_16",0.169884254110796,0.888,0.975,1.74144771224138,0.0529077069518339,0.982973967684022
"ASV_30",0.0706417328062136,0.929,0.975,1.06206074964044,0.0335255203470746,0.982973967684022
"ASV_51",-0.242149618876173,0.805,0.975,0.614132669955484,0.0191950255196492,0.982973967684022
"ASV_65",-0.267682273673003,0.807,0.975,0.671433835345953,0.0203667984778476,0.982973967684022
"ASV_74",0.18647207898602,0.891,0.975,0.69209363530444,0.0216223386895109,0.982973967684022
"ASV_79",-0.178331379119958,0.87,0.975,0.976221163841093,0.0315691110293061,0.982973967684022
"ASV_102",0.312875630484238,0.778,0.975,2.47834125440884,0.0747290492480687,0.982973967684022
"ASV_104",0.275288684413856,0.73,0.975,0.860802939429325,0.0272088128269924,0.982973967684022
"ASV_133",0.100372533185602,0.936,0.975,0.524755199782245,0.0160098141951225,0.982973967684022
"ASV_138",-0.209845391779711,0.843,0.975,0.766088469290075,0.0254808402196714,0.982973967684022
"ASV_158",-0.108206964292706,0.893,0.975,2.13544911093177,0.0632119253776688,0.982973967684022
"ASV_159",-0.13103745893805,0.901,0.975,5.50965876274866,0.150434539304547,0.982973967684022
"ASV_164",-0.123291758666673,0.903,0.975,2.01103465075119,0.0612263241736714,0.982973967684022
"ASV_173",-0.251930222439608,0.795,0.975,0.872977008902081,0.0277270269212124,0.982973967684022
"ASV_174",0.229099179147341,0.837,0.975,2.04977777070769,0.0614851286077672,0.982973967684022
"ASV_176",-0.095665554536272,0.917,0.975,2.70472198325824,0.0774156503570601,0.982973967684022
"ASV_178",-0.100285719443039,0.932,0.975,2.55373684001891,0.0761782692405626,0.982973967684022
"ASV_180",0.201349975978578,0.866,0.975,0.489384274390191,0.0153587118869103,0.982973967684022
"ASV_193",-0.107130617963606,0.92,0.975,1.62354687705588,0.0512548517312688,0.982973967684022
"ASV_201",-0.110175431594345,0.915,0.975,0.628595588622958,0.0208340143390984,0.982973967684022
"ASV_204",0.0975943416337012,0.936,0.975,1.71924909411807,0.0530778254051108,0.982973967684022
"ASV_205",-0.356120728629925,0.783,0.975,0.951480369942207,0.0298492559306725,0.982973967684022
"ASV_211",-0.246548461035584,0.797,0.975,1.36761015536004,0.0402249371369004,0.982973967684022
"ASV_280",0.171837497128953,0.888,0.975,1.76333075516835,0.054234656310899,0.982973967684022
"ASV_282",0.339411528331007,0.761,0.975,0.528654458956101,0.017265129141937,0.982973967684022
"ASV_297",0.396292365976077,0.733,0.975,1.24555796716157,0.038567555191156,0.982973967684022
"ASV_305",-0.0991627012564281,0.915,0.975,0.719829173856867,0.022830399245619,0.982973967684022
"ASV_320",0.253395771417527,0.797,0.975,1.18292649447487,0.0364148845034294,0.982973967684022
"ASV_323",0.271108072150103,0.818,0.975,3.24232956347252,0.0948419699490455,0.982973967684022
"ASV_329",-0.245900592603201,0.796,0.975,1.02633001415272,0.0319093714529144,0.982973967684022
"ASV_331",0.182039532413948,0.837,0.975,1.78065801523733,0.0551832315517544,0.982973967684022
"ASV_348",0.243230685665319,0.768,0.975,2.73271484241146,0.0823341533344663,0.982973967684022
"ASV_355",0.226289873839951,0.811,0.975,3.39222488112355,0.0982190488177152,0.982973967684022
"ASV_374",0.22383122689607,0.805,0.975,0.482388343052081,0.0153927422103817,0.982973967684022
"ASV_390",0.105173451587502,0.91,0.975,3.05227259998274,0.0878775667309458,0.982973967684022
"ASV_402",-0.403359320049365,0.721,0.975,2.92007713920619,0.0864831123583855,0.982973967684022
"ASV_406",-0.382164315849351,0.737,0.975,1.59653162072661,0.0467690272250552,0.982973967684022
"ASV_411",0.397953725265113,0.729,0.975,5.49749520702178,0.14788736248273,0.982973967684022
"ASV_428",0.249041100328631,0.831,0.975,1.13279082677899,0.0353270270742454,0.982973967684022
"ASV_448",0.0857014347100022,0.935,0.975,0.814499237056318,0.0253353834701235,0.982973967684022
"ASV_450",0.231189933477993,0.852,0.975,1.61367130926989,0.049478164318578,0.982973967684022
"ASV_469",0.28363482052242,0.768,0.975,3.52638861578252,0.100886578596845,0.982973967684022
"ASV_493",-0.176254458335029,0.834,0.975,4.27929238607903,0.122551401345412,0.982973967684022
"ASV_503",0.193389651142067,0.857,0.975,2.87257616828264,0.0841705738328588,0.982973967684022
"ASV_512",-0.135431613988724,0.873,0.975,0.601739057664402,0.0189041271516254,0.982973967684022
"ASV_514",0.344954632755602,0.778,0.975,3.88109768753971,0.112441975577567,0.982973967684022
"ASV_90",-0.0472984245075295,0.96,0.976649746192893,0.450492415135109,0.0138568374320813,0.982973967684022
"ASV_184",0.0374329800115021,0.958,0.976649746192893,3.42302569533254,0.099580646460189,0.982973967684022
"ASV_418",-0.0716962777328767,0.945,0.976649746192893,0.628224624551949,0.0198749245149504,0.982973967684022
"ASV_433",0.0475385967606688,0.962,0.976649746192893,0.607005279759003,0.0195248462076844,0.982973967684022
"ASV_500",-0.0770386818753142,0.951,0.976649746192893,7.75959607484813,0.199869400647223,0.982973967684022
"ASV_352",0.0211025195844138,0.985,0.994949494949495,1.83445931342406,0.0554967168504806,0.982973967684022
"ASV_416",-0.00215569427181324,0.999,0.999,0.34345752585767,0.00942591907968768,0.982973967684022
"ASV_427",0.0131467245625577,0.996,0.999,0.895846865360733,0.0273126053230792,0.982973967684022
