"grid","beetle","fungal_unit","genus","species","n_samples","beetle_n","fungus_n","shared_n","beetle_only","fungus_only","both_absent","jaccard","exp_jaccard_null","sd_jaccard_null","z_score","p_pos","p_neg","p_perm","q_perm","p_fisher","q_fisher","direction"
"asv","Dendroctonus valens","ASV_6117","Leptographium","gracile",69,14,13,8,6,5,50,0.421052631578947,0.248948365491667,0.0725455718259446,2.37236073485233,0.0355,0.995,0.071,1,0.000288644276971136,0.0168856902028115,"co-occurring"
"asv","Dendroctonus valens","ASV_15258","Ophiostoma","pallidulum",69,14,7,6,8,1,54,0.4,0.182288060955146,0.0749808267972487,2.90356812993748,0.014,1,0.028,1,0.000156267893270222,0.0168856902028115,"co-occurring"
"asv","Dendroctonus valens","ASV_8274","Sporothrix","rossii",69,14,12,7,7,5,50,0.368421052631579,0.232818756071518,0.0662394935774611,2.04715177058965,0.07,0.9935,0.14,1,0.00147671031859497,0.0431937768189028,"co-occurring"
"asv","Dendroctonus valens","ASV_13249","Ophiostoma","denticulatum",69,14,6,5,9,1,54,0.333333333333333,0.169106347856714,0.0704843002273152,2.32997965429151,0.0485,0.999,0.097,1,0.000943571783028591,0.036799299538115,"co-occurring"
"asv","Dendroctonus valens","ASV_1646","Raffaelea","arxii",69,14,5,4,10,1,54,0.266666666666667,0.088015208584685,0.0564094877237452,3.16704627698257,0.0105,1,0.021,1,0.00507691720426003,0.0659999236553804,"co-occurring"
"asv","Dendroctonus valens","ASV_15268","Grosmannia","olivacea",69,14,5,4,10,1,54,0.266666666666667,0.119444199223796,0.0642125639486743,2.29273616235831,0.052,1,0.104,1,0.00507691720426003,0.0659999236553804,"co-occurring"
"asv","Dendroctonus valens","ASV_3603","Sporothrix","eucastaneae",69,14,10,5,9,5,50,0.263157894736842,0.117288047572182,0.053413359705052,2.73096184119763,0.019,1,0.038,1,0.0237720746622119,0.142247203878307,"co-occurring"
"asv","Dendroctonus valens","ASV_7618","Leptographium","lundbergii",69,14,7,4,10,3,52,0.235294117647059,0.160454091855012,0.0658842725292813,1.13593158001077,0.2555,0.952,0.511,1,0.0272526434324541,0.144934512799869,"co-occurring"
"asv","Dendroctonus valens","ASV_21569","Sporothrix",NA,69,14,7,4,10,3,52,0.235294117647059,0.137400388790889,0.0680997055874864,1.43750590419819,0.163,0.965,0.326,1,0.0272526434324541,0.144934512799869,"co-occurring"
"asv","Dendroctonus valens","ASV_660","Grosmannia","francke-grosmanniae",69,14,13,5,9,8,47,0.227272727272727,0.103360805734059,0.0491595725627378,2.52060616232029,0.0315,0.9975,0.063,1,0.119241968133597,0.398608864903739,"co-occurring"
"asv","Dendroctonus valens","ASV_1122","Raffaelea","arxii",69,14,8,4,10,4,51,0.222222222222222,0.076000907722031,0.0479531548642963,3.04925327465912,0.0095,1,0.019,1,0.0476675179502209,0.232379150007327,"co-occurring"
"asv","Dendroctonus valens","ASV_16537","Graphilbum",NA,69,14,3,3,11,0,55,0.214285714285714,0.101001989089783,0.0570557812866936,1.98549073627971,0.1005,1,0.201,1,0.00694736038477689,0.0738946513653542,"co-occurring"
"asv","Dendroctonus valens","ASV_17726",NA,NA,69,14,3,3,11,0,55,0.214285714285714,0.111101384025346,0.0612221032302055,1.68540975915803,0.158,1,0.316,1,0.00694736038477689,0.0738946513653542,"co-occurring"
"asv","Dendroctonus valens","ASV_3556","Sporothrix","rossii",69,14,9,4,10,5,50,0.210526315789474,0.115033638942965,0.0550100564708925,1.73591308521992,0.118,0.9865,0.236,1,0.0749765959936596,0.313295061830649,"co-occurring"
"asv","Dendroctonus valens","ASV_7886","Grosmannia",NA,69,14,4,3,11,1,54,0.2,0.117494461516473,0.0577698421946526,1.42817662900184,0.2125,0.985,0.425,1,0.0243157613467191,0.142247203878307,"co-occurring"
"asv","Dendroctonus valens","ASV_7106","Ophiostoma","denticiliatum",69,14,5,3,11,2,53,0.1875,0.0778710433648205,0.0529119432868873,2.071913254835,0.0875,1,0.175,1,0.0531740275604077,0.239283124021835,"co-occurring"
"asv","Dendroctonus valens","ASV_9363","Sporothrix",NA,69,14,5,3,11,2,53,0.1875,0.110576816185871,0.0545690939523647,1.40964744405098,0.2175,0.9835,0.435,1,0.0531740275604077,0.239283124021835,"co-occurring"
"asv","Dendroctonus valens","ASV_8131","Graphilbum",NA,69,14,6,3,11,3,52,0.176470588235294,0.137175829056601,0.0615196266847472,0.638735332060066,0.437,0.8955,0.874,1,0.0930044470740925,0.340047509614651,"co-occurring"
"asv","Dendroctonus valens","ASV_8895","Ceratocystiopsis","manitobensis",69,14,13,4,10,9,46,0.173913043478261,0.195505274857771,0.0666402689272091,-0.324011768366289,0.7445,0.5355,1,1,0.442831455664983,0.863521338546716,"avoiding"
"asv","Dendroctonus valens","ASV_5162","Sporothrix",NA,69,14,7,3,11,4,51,0.166666666666667,0.0780438464846469,0.0464663048772899,1.90724914356884,0.1095,1,0.219,1,0.142318299805321,0.416281026930564,"co-occurring"
"asv","Dendroctonus valens","ASV_6045","Sporothrix",NA,69,14,7,3,11,4,51,0.166666666666667,0.120469806626741,0.0557124124015572,0.829202291707526,0.3885,0.926,0.777,1,0.142318299805321,0.416281026930564,"co-occurring"
"asv","Dendroctonus valens","ASV_6959","Ophiostoma","adjuncti",69,14,7,3,11,4,51,0.166666666666667,0.148333403027625,0.0600458296078841,0.305321181483586,0.5715,0.814,1,1,0.142318299805321,0.416281026930564,"co-occurring"
"asv","Dendroctonus valens","ASV_15738","Graphilbum",NA,69,14,7,3,11,4,51,0.166666666666667,0.109517607100766,0.0533203951790576,1.07180487642648,0.2885,0.9505,0.577,1,0.142318299805321,0.416281026930564,"co-occurring"
"asv","Dendroctonus valens","ASV_11554","Raffaelea","crossotarsi",69,14,3,2,12,1,54,0.133333333333333,0.0403201600800401,0.0371064833492419,2.50665557223152,0.0515,1,0.103,1,0.102473565675459,0.352629623059668,"co-occurring"
"asv","Dendroctonus valens","ASV_28495","Raffaelea","subfusca",69,14,3,2,12,1,54,0.133333333333333,0.0430277638819411,0.0432835764373533,2.08637032529177,0.11,1,0.22,1,0.102473565675459,0.352629623059668,"co-occurring"
"asv","Dendroctonus valens","ASV_4337","Ophiostoma","undulatum",69,14,4,2,12,2,53,0.125,0.0404430156254607,0.0406255165916097,2.08137622530572,0.11,1,0.22,1,0.180631370004199,0.469641562010918,"co-occurring"
"asv","Dendroctonus valens","ASV_6746","Graphilbum",NA,69,14,4,2,12,2,53,0.125,0.102878645204956,0.0577282528540007,0.383198065096321,0.5705,0.8425,1,1,0.180631370004199,0.469641562010918,"co-occurring"
"asv","Dendroctonus valens","ASV_11600","Ophiostoma","undulatum",69,14,4,2,12,2,53,0.125,0.0714519024218003,0.0532838397787956,1.00495943611611,0.3245,0.947,0.649,1,0.180631370004199,0.469641562010918,"co-occurring"
"asv","Dendroctonus valens","ASV_23023","Sporothrix",NA,69,14,4,2,12,2,53,0.125,0.14197729116659,0.065309895690626,-0.259949751673347,0.7695,0.625,1,1,0.180631370004199,0.469641562010918,"avoiding"
"asv","Dendroctonus valens","ASV_7819","Hawksworthiomyces",NA,69,14,5,2,12,3,52,0.117647058823529,0.0891225841679016,0.0519352169868539,0.549231837480299,0.509,0.887,1,1,0.265602931633393,0.62151086002214,"co-occurring"
"asv","Dendroctonus valens","ASV_8974","Ophiostoma","karelicum",69,14,3,1,13,2,53,0.0625,0.0403951975987994,0.0298893755659131,0.739553837531811,0.6465,1,1,1,0.499274726113677,0.942179725085488,"co-occurring"
"asv","Dendroctonus valens","ASV_9224","Ophiostoma","sparsiannulatum",69,14,3,1,13,2,53,0.0625,0.0202288644322161,0.0292493597760432,1.44519866046457,0.324,1,0.648,1,0.499274726113677,0.942179725085488,"co-occurring"
"asv","Dendroctonus valens","ASV_5724","Graphilbum",NA,69,14,4,1,13,3,52,0.0588235294117647,0.0190389312303212,0.0275288092009827,1.44519866046452,0.324,1,0.648,1,1,1,"co-occurring"
"asv","Dendroctonus valens","ASV_22166","Grosmannia","cucullata",69,14,4,1,13,3,52,0.0588235294117647,0.0296913162463592,0.0294177951901097,0.99029220161271,0.505,1,1,1,1,1,"co-occurring"
"asv","Dendroctonus valens","ASV_25723","Ceratocystiopsis","manitobensis",69,14,4,1,13,3,52,0.0588235294117647,0.0835660477297482,0.0554548733282068,-0.446173921839947,0.8425,0.5815,1,1,1,1,"avoiding"
"asv","Dendroctonus valens","ASV_4044","Graphilbum",NA,69,14,6,1,13,5,50,0.0526315789473684,0.0829202010706093,0.0400201662564318,-0.756833990372868,0.945,0.4915,0.983,1,1,1,"avoiding"
"asv","Dendroctonus valens","ASV_22950","Sporothrix",NA,69,14,6,1,13,5,50,0.0526315789473684,0.026565914536216,0.0263211851700982,0.990292201612712,0.505,1,1,1,1,1,"co-occurring"
"asv","Dendroctonus valens","ASV_13560","Hawksworthiomyces",NA,69,14,7,1,13,6,49,0.05,0.0253376688344168,0.0250039743941618,0.986336443031297,0.507,1,1,1,1,1,"co-occurring"
"asv","Dendroctonus valens","ASV_27488","Ceratocystiopsis","synnemata",69,14,4,0,14,4,51,0,0,0,NA,1,1,1,1,0.575142191854029,0.980469054704239,"co-occurring"
"asv","Ips grandicollis","ASV_6117","Leptographium","gracile",69,19,13,8,11,5,45,0.333333333333333,0.362157667172786,0.0545890169233447,-0.528024417071451,0.8585,0.5105,1,1,0.00474300003099477,0.0659999236553804,"avoiding"
"asv","Ips grandicollis","ASV_8274","Sporothrix","rossii",69,19,12,7,12,5,45,0.291666666666667,0.311139930966798,0.0428936221923151,-0.453989737980681,0.857,0.5715,1,1,0.0143043696289403,0.12123494610516,"avoiding"
"asv","Ips grandicollis","ASV_13249","Ophiostoma","denticulatum",69,19,6,5,14,1,49,0.25,0.20204041414647,0.0393570247439349,1.21857752626284,0.3415,1,0.683,1,0.00507628322359018,0.0659999236553804,"co-occurring"
"asv","Ips grandicollis","ASV_6959","Ophiostoma","adjuncti",69,19,7,5,14,2,48,0.238095238095238,0.201035394414696,0.034317534122135,1.0799098661532,0.4185,1,0.837,1,0.014506745687797,0.12123494610516,"co-occurring"
"asv","Ips grandicollis","ASV_15258","Ophiostoma","pallidulum",69,19,7,5,14,2,48,0.238095238095238,0.210870445574757,0.0328103466814647,0.829762415642532,0.5635,1,1,1,0.014506745687797,0.12123494610516,"co-occurring"
"asv","Ips grandicollis","ASV_8895","Ceratocystiopsis","manitobensis",69,19,13,6,13,7,43,0.230769230769231,0.231676807064494,0.0339008299007445,-0.0267715067129747,0.7445,0.745,1,1,0.164435057784917,0.469241506361836,"avoiding"
"asv","Ips grandicollis","ASV_7886","Grosmannia",NA,69,19,4,4,15,0,50,0.210526315789474,0.151267363004812,0.0411843290247655,1.43887139083965,0.2535,1,0.507,1,0.00448351129726859,0.0659999236553804,"co-occurring"
"asv","Ips grandicollis","ASV_9363","Sporothrix",NA,69,19,5,4,15,1,49,0.2,0.144902321290514,0.03876287598404,1.42140327080404,0.259,1,0.518,1,0.0182789306734797,0.126062318030864,"co-occurring"
"asv","Ips grandicollis","ASV_8131","Graphilbum",NA,69,19,6,4,15,2,48,0.19047619047619,0.155549071354801,0.0327854518986249,1.0653237060568,0.427,1,0.854,1,0.0446842255732587,0.227306712698751,"co-occurring"
"asv","Ips grandicollis","ASV_6045","Sporothrix",NA,69,19,7,4,15,3,47,0.181818181818182,0.157141812012727,0.0301679829629753,0.817965517805419,0.5695,1,1,1,0.084920865420541,0.320507782393655,"co-occurring"
"asv","Ips grandicollis","ASV_7618","Leptographium","lundbergii",69,19,7,4,15,3,47,0.181818181818182,0.194529694736322,0.0365355759027621,-0.347921514963156,0.859,0.6455,1,1,0.084920865420541,0.320507782393655,"avoiding"
"asv","Ips grandicollis","ASV_15738","Graphilbum",NA,69,19,7,4,15,3,47,0.181818181818182,0.149884560198413,0.0329507959190879,0.969130508961994,0.4705,1,0.941,1,0.084920865420541,0.320507782393655,"co-occurring"
"asv","Ips grandicollis","ASV_16537","Graphilbum",NA,69,19,3,3,16,0,50,0.157894736842105,0.130985041392877,0.0332127126902062,0.810222751156472,0.5775,1,1,1,0.018494484101233,0.126062318030864,"co-occurring"
"asv","Ips grandicollis","ASV_17726",NA,NA,69,19,3,3,16,0,50,0.157894736842105,0.139999072217813,0.0289911019392497,0.617281283815703,0.7105,1,1,1,0.018494484101233,0.126062318030864,"co-occurring"
"asv","Ips grandicollis","ASV_23023","Sporothrix",NA,69,19,4,3,16,1,49,0.15,0.170427757738519,0.0370473926274159,-0.551395288298964,0.9125,0.5835,1,1,0.060527402513126,0.262285410890213,"avoiding"
"asv","Ips grandicollis","ASV_15268","Grosmannia","olivacea",69,19,5,3,16,2,48,0.142857142857143,0.124825540946644,0.0274055666026856,0.657953990585697,0.68,1,1,1,0.123900110272596,0.402675358385936,"co-occurring"
"asv","Ips grandicollis","ASV_21569","Sporothrix",NA,69,19,7,3,16,4,46,0.130434782608696,0.130575215143804,0.0377413989667116,-0.00372091493568316,0.7495,0.7415,1,1,0.384342428130839,0.817601165296512,"avoiding"
"asv","Ips grandicollis","ASV_3556","Sporothrix","rossii",69,19,9,3,16,6,44,0.12,0.136271469067867,0.0303715186747037,-0.535747627313073,0.8895,0.5495,1,1,0.698612898261527,1,"avoiding"
"asv","Ips grandicollis","ASV_3603","Sporothrix","eucastaneae",69,19,10,3,16,7,43,0.115384615384615,0.0953330755731952,0.0238803535698518,0.839666789386847,0.5585,1,1,1,1,1,"co-occurring"
"asv","Ips grandicollis","ASV_660","Grosmannia","francke-grosmanniae",69,19,13,3,16,10,40,0.103448275862069,0.104494913911744,0.0292624600143356,-0.0357672611654168,0.7525,0.7215,1,1,1,1,"avoiding"
"asv","Ips grandicollis","ASV_6746","Graphilbum",NA,69,19,4,2,17,2,48,0.0952380952380952,0.132497309260694,0.0277431902095412,-1.34300394948037,0.9775,0.2995,0.599,1,0.302834814534628,0.694738692167675,"avoiding"
"asv","Ips grandicollis","ASV_1646","Raffaelea","arxii",69,19,5,2,17,3,47,0.0909090909090909,0.0603602196355094,0.0285082853373199,1.07157869763533,0.425,1,0.85,1,0.610651337948357,0.99230842416608,"co-occurring"
"asv","Ips grandicollis","ASV_7106","Ophiostoma","denticiliatum",69,19,5,2,17,3,47,0.0909090909090909,0.0762357463316648,0.0237900766211327,0.616784250471552,0.7105,1,1,1,0.610651337948357,0.99230842416608,"co-occurring"
"asv","Ips grandicollis","ASV_7819","Hawksworthiomyces",NA,69,19,5,2,17,3,47,0.0909090909090909,0.0840281800979556,0.016708082698143,0.411831263673367,0.855,1,1,1,0.610651337948357,0.99230842416608,"co-occurring"
"asv","Ips grandicollis","ASV_4044","Graphilbum",NA,69,19,6,2,17,4,46,0.0869565217391304,0.112191471229682,0.024704021195196,-1.02149157382763,1,0.4895,0.979,1,0.664186778980458,1,"avoiding"
"asv","Ips grandicollis","ASV_5162","Sporothrix",NA,69,19,7,2,17,5,45,0.0833333333333333,0.0761364015341004,0.0161307589122472,0.44616200876753,0.834,1,1,1,1,1,"co-occurring"
"asv","Ips grandicollis","ASV_1122","Raffaelea","arxii",69,19,8,2,17,6,44,0.08,0.0741164813175821,0.0299457219821675,0.196472761148371,0.721,0.8475,1,1,1,1,"co-occurring"
"asv","Ips grandicollis","ASV_8974","Ophiostoma","karelicum",69,19,3,1,18,2,48,0.0476190476190476,0.0476190476190498,0,NA,1,1,1,1,1,1,"avoiding"
"asv","Ips grandicollis","ASV_28495","Raffaelea","subfusca",69,19,3,1,18,2,48,0.0476190476190476,0.023559398746993,0.0238141672249787,1.01030821883279,0.495,1,0.99,1,1,1,"co-occurring"
"asv","Ips grandicollis","ASV_4337","Ophiostoma","undulatum",69,19,4,1,18,3,47,0.0454545454545455,0.022488516985766,0.0227317050783886,1.01030821883281,0.495,1,0.99,1,1,1,"co-occurring"
"asv","Ips grandicollis","ASV_11600","Ophiostoma","undulatum",69,19,4,1,18,3,47,0.0454545454545455,0.0616812735372033,0.0305388878885169,-0.531346398136501,0.9105,0.5925,1,1,1,1,"avoiding"
"asv","Ips grandicollis","ASV_22166","Grosmannia","cucullata",69,19,4,1,18,3,47,0.0454545454545455,0.0379053162945117,0.0169203764813783,0.446162008767479,0.834,1,1,1,1,1,"co-occurring"
"asv","Ips grandicollis","ASV_25723","Ceratocystiopsis","manitobensis",69,19,4,1,18,3,47,0.0454545454545455,0.0793221285967682,0.0252349996723467,-1.3420877187225,0.9775,0.2995,0.599,1,1,1,"avoiding"
"asv","Ips grandicollis","ASV_22950","Sporothrix",NA,69,19,6,1,18,5,45,0.0416666666666667,0.0347465399366346,0.0155103451079299,0.44616200876756,0.834,1,1,1,1,1,"co-occurring"
"asv","Ips grandicollis","ASV_13560","Hawksworthiomyces",NA,69,19,7,1,18,6,44,0.04,0.0331165582791391,0.0151019863246999,0.455797109920746,0.828,1,1,1,0.664186778980458,1,"co-occurring"
"asv","Ips grandicollis","ASV_5724","Graphilbum",NA,69,19,4,0,19,4,46,0,0,0,NA,1,1,1,1,0.569231267517331,0.980469054704239,"co-occurring"
"asv","Ips grandicollis","ASV_9224","Ophiostoma","sparsiannulatum",69,19,3,0,19,3,47,0,0,0,NA,1,1,1,1,0.555769744627247,0.980469054704239,"co-occurring"
"asv","Ips grandicollis","ASV_11554","Raffaelea","crossotarsi",69,19,3,0,19,3,47,0,0,0,NA,1,1,1,1,0.555769744627247,0.980469054704239,"co-occurring"
"asv","Ips grandicollis","ASV_27488","Ceratocystiopsis","synnemata",69,19,4,0,19,4,46,0,0,0,NA,1,1,1,1,0.569231267517331,0.980469054704239,"co-occurring"
"asv","Ips pini","ASV_3603","Sporothrix","eucastaneae",69,5,10,3,2,7,57,0.25,0.0821042389326549,0.0651855401323471,2.5756595822703,0.0425,1,0.085,1,0.0193942027739791,0.126062318030864,"co-occurring"
"asv","Ips pini","ASV_11554","Raffaelea","crossotarsi",69,5,3,1,4,2,62,0.142857142857143,0.0463088687200742,0.066882577033169,1.44354895429923,0.3245,1,0.649,1,0.204794442111692,0.520890211458,"co-occurring"
"asv","Ips pini","ASV_6746","Graphilbum",NA,69,5,4,1,4,3,61,0.125,0.0259504752376188,0.0507116230980775,1.95319176771008,0.208,1,0.416,1,0.265037287406261,0.62151086002214,"co-occurring"
"asv","Ips pini","ASV_25723","Ceratocystiopsis","manitobensis",69,5,4,1,4,3,61,0.125,0.0732509111698707,0.0824816880595473,0.627400942531259,0.502,0.9345,1,1,0.265037287406261,0.62151086002214,"co-occurring"
"asv","Ips pini","ASV_27488","Ceratocystiopsis","synnemata",69,5,4,1,4,3,61,0.125,0.0739744872436218,0.0614530334869613,0.830317233521181,0.592,1,1,1,0.265037287406261,0.62151086002214,"co-occurring"
"asv","Ips pini","ASV_1646","Raffaelea","arxii",69,5,5,1,4,4,60,0.111111111111111,0.0360180090045028,0.0520197821369087,1.44354895429923,0.3245,1,0.649,1,0.321572880682702,0.709887302639173,"co-occurring"
"asv","Ips pini","ASV_15268","Grosmannia","olivacea",69,5,5,1,4,4,60,0.111111111111111,0.0421043855260969,0.0652875345212738,1.05696632735501,0.3305,0.961,0.661,1,0.321572880682702,0.709887302639173,"co-occurring"
"asv","Ips pini","ASV_4044","Graphilbum",NA,69,5,6,1,4,5,59,0.1,0.0848118503696284,0.0825021497282396,0.184093986404004,0.6285,0.839,1,1,0.374574999379366,0.81157916532196,"co-occurring"
"asv","Ips pini","ASV_6959","Ophiostoma","adjuncti",69,5,7,1,4,6,58,0.0909090909090909,0.0558279139569794,0.0611510502203591,0.573680694373944,0.5165,0.9185,1,1,0.424211904190528,0.84123377610664,"co-occurring"
"asv","Ips pini","ASV_13560","Hawksworthiomyces",NA,69,5,7,1,4,6,58,0.0909090909090909,0.0757924416753841,0.0683627436536273,0.221124086392702,0.64,0.8385,1,1,0.424211904190528,0.84123377610664,"co-occurring"
"asv","Ips pini","ASV_15738","Graphilbum",NA,69,5,7,1,4,6,58,0.0909090909090909,0.0932223687601384,0.0741337506307803,-0.0312041119107635,0.7445,0.7885,1,1,0.424211904190528,0.84123377610664,"avoiding"
"asv","Ips pini","ASV_21569","Sporothrix",NA,69,5,7,1,4,6,58,0.0909090909090909,0.0294692800945931,0.042561639930198,1.44354895429923,0.3245,1,0.649,1,0.424211904190528,0.84123377610664,"co-occurring"
"asv","Ips pini","ASV_660","Grosmannia","francke-grosmanniae",69,5,13,1,4,12,52,0.0588235294117647,0.019068357708266,0.0275398846607165,1.44354895429923,0.3245,1,0.649,1,1,1,"co-occurring"
"asv","Ips pini","ASV_8895","Ceratocystiopsis","manitobensis",69,5,13,1,4,12,52,0.0588235294117647,0.084170761851515,0.0600049695773892,-0.42241888660671,0.823,0.5845,1,1,1,1,"avoiding"
"asv","Ips pini","ASV_1122","Raffaelea","arxii",69,5,8,0,5,8,56,0,0.0134650658662664,0.0306798253691079,-0.438889912320839,1,0.8385,1,1,1,1,"avoiding"
"asv","Ips pini","ASV_3556","Sporothrix","rossii",69,5,9,0,5,9,55,0,0.0276997473095526,0.0430203895863887,-0.643874859708767,1,0.678,1,1,1,1,"avoiding"
"asv","Ips pini","ASV_4337","Ophiostoma","undulatum",69,5,4,0,5,4,60,0,0.0201975987993997,0.0460197380536623,-0.438889912320836,1,0.8385,1,1,1,1,"avoiding"
"asv","Ips pini","ASV_5162","Sporothrix",NA,69,5,7,0,5,7,57,0,0.0146891627631997,0.0334689004026636,-0.438889912320834,1,0.8385,1,1,1,1,"avoiding"
"asv","Ips pini","ASV_5724","Graphilbum",NA,69,5,4,0,5,4,60,0,0.0201975987993997,0.0460197380536623,-0.438889912320836,1,0.8385,1,1,1,1,"avoiding"
"asv","Ips pini","ASV_6045","Sporothrix",NA,69,5,7,0,5,7,57,0,0.0185092546273137,0.0366160853850021,-0.505495178763567,1,0.7965,1,1,1,1,"avoiding"
"asv","Ips pini","ASV_6117","Leptographium","gracile",69,5,13,0,5,13,51,0,0,0,NA,1,1,1,1,0.575142191854029,0.980469054704239,"co-occurring"
"asv","Ips pini","ASV_7106","Ophiostoma","denticiliatum",69,5,5,0,5,5,59,0,0.017953421155022,0.0409064338254773,-0.438889912320839,1,0.8385,1,1,1,1,"avoiding"
"asv","Ips pini","ASV_7618","Leptographium","lundbergii",69,5,7,0,5,7,57,0,0.051480285597345,0.0582736942557302,-0.883422378739663,1,0.509,1,1,1,1,"avoiding"
"asv","Ips pini","ASV_7819","Hawksworthiomyces",NA,69,5,5,0,5,5,59,0,0.0197876716135846,0.0425203795251094,-0.4653691202803,1,0.822,1,1,1,1,"avoiding"
"asv","Ips pini","ASV_7886","Grosmannia",NA,69,5,4,0,5,4,60,0,0,0,NA,1,1,1,1,1,1,"co-occurring"
"asv","Ips pini","ASV_8131","Graphilbum",NA,69,5,6,0,5,6,58,0,0.0585181479628697,0.0651937938141098,-0.897603046844079,1,0.497,0.994,1,1,1,"avoiding"
"asv","Ips pini","ASV_8274","Sporothrix","rossii",69,5,12,0,5,12,52,0,0.0351321494080374,0.039406107259317,-0.891540724305643,1,0.509,1,1,0.578225339953782,0.980469054704239,"avoiding"
"asv","Ips pini","ASV_8974","Ophiostoma","karelicum",69,5,3,0,5,3,61,0,0,0,NA,1,1,1,1,1,1,"co-occurring"
"asv","Ips pini","ASV_9224","Ophiostoma","sparsiannulatum",69,5,3,0,5,3,61,0,0.0230829700564569,0.0525939863470413,-0.43888991232085,1,0.8385,1,1,1,1,"avoiding"
"asv","Ips pini","ASV_9363","Sporothrix",NA,69,5,5,0,5,5,59,0,0.021844255461064,0.044169491269257,-0.494555287673601,1,0.8035,1,1,1,1,"avoiding"
"asv","Ips pini","ASV_11600","Ophiostoma","undulatum",69,5,4,0,5,4,60,0,0.0201975987993997,0.0460197380536623,-0.438889912320836,1,0.8385,1,1,1,1,"avoiding"
"asv","Ips pini","ASV_13249","Ophiostoma","denticulatum",69,5,6,0,5,6,58,0,0.0161580790395199,0.0368157904429296,-0.438889912320842,1,0.8385,1,1,1,1,"avoiding"
"asv","Ips pini","ASV_15258","Ophiostoma","pallidulum",69,5,7,0,5,7,57,0,0.0146891627631997,0.0334689004026636,-0.438889912320834,1,0.8385,1,1,1,1,"avoiding"
"asv","Ips pini","ASV_16537","Graphilbum",NA,69,5,3,0,5,3,61,0,0,0,NA,1,1,1,1,1,1,"co-occurring"
"asv","Ips pini","ASV_17726",NA,NA,69,5,3,0,5,3,61,0,0,0,NA,1,1,1,1,1,1,"co-occurring"
"asv","Ips pini","ASV_22166","Grosmannia","cucullata",69,5,4,0,5,4,60,0,0,0,NA,1,1,1,1,1,1,"co-occurring"
"asv","Ips pini","ASV_22950","Sporothrix",NA,69,5,6,0,5,6,58,0,0.0406147518203545,0.0597377665003386,-0.679884003030551,1,0.646,1,1,1,1,"avoiding"
"asv","Ips pini","ASV_23023","Sporothrix",NA,69,5,4,0,5,4,60,0,0,0,NA,1,1,1,1,1,1,"co-occurring"
"asv","Ips pini","ASV_28495","Raffaelea","subfusca",69,5,3,0,5,3,61,0,0.0820886633793078,0.0946737880762325,-0.867068541856687,1,0.509,1,1,1,1,"avoiding"
