Class,Order,Family,Subfamily,Genus,Species,Finest.ID,C1.E..5.1,C2.EA..5.1,C3.I..5.1,D1.E..5.1,D2.EA..5.1,D3.I..5.1,M1.E..5.1,M2.EA..5.1,M3.I..5.1,P1.E..5.1,P2.EA..5.1,P3.I..5.1,C1.E..5.15,C2.EA..5.15,C3.I..5.15,D1.E..5.15,D2.EA..5.15,D3.I..5.15,M1.E..5.15,M2.EA..5.15,M3.I..5.15,P1.E..5.15,P2.EA..5.15,P3.I..5.15,C1.E..5.29,C2.EA..5.29,C3.I..5.29,D1.E..5.29,D2.EA..5.29,D3.I..5.29,M1.E..5.29,M2.EA..5.29,M3.I..5.29,P1.E..5.29,P2.EA..5.29,P3.I..5.29,C1.E..6.12,C2.EA..6.12,C3.I..6.12,D1.E..6.12,D2.EA..6.12,D3.I..6.12,M1.E..6.12,M2.EA..6.12,M3.I..6.12,P1.E..6.12,P2.EA..6.12,P3.I..6.12,C1.E..6.26,C2.EA..6.26,C3.I..6.26,D1.E..6.26,D2.EA..6.26,D3.I..6.26,M1.E..6.26,M2.EA..6.26,M3.I..6.26,P1.E..6.26,P2.EA..6.26,P3.I..6.26,C1.E..7.10,C2.EA..7.10,C3.I..7.10,D1.E..7.10,D2.EA..7.10,D3.I..7.10,M1.E..7.10,M2.EA..7.10,M3.I..7.10,P1.E..7.10,P2.EA..7.10,P3.I..7.10
Insecta,Coleoptera,Curculionidae,Scolytinae,Cyclorhipidion,Cyclorhipidion pelliculosum,Cyclorhipidion pelliculosum,80,0,0,10,0,0,15,1,0,0,0,0,14,0,0,53,2,0,39,0,0,5,0,0,1,0,0,5,0,0,12,0,0,6,0,0,0,0,0,0,0,0,0,0,0,0,0,0,0,0,0,0,0,0,0,0,0,0,0,0,0,0,0,0,0,0,0,0,0,0,0,0
Insecta,Coleoptera,Curculionidae,Scolytinae,Heteroborips,Heteroborips seriatus,Heteroborips seriatus,36,4,0,2,2,0,0,0,0,3,0,0,23,5,4,7,3,0,0,0,0,18,5,0,4,0,0,2,0,0,0,0,0,15,6,0,9,0,0,0,0,0,0,0,0,0,0,0,3,1,1,0,0,0,0,0,0,1,0,0,0,0,0,0,0,0,0,0,0,0,0,0
Insecta,Coleoptera,Curculionidae,Scolytinae,Monarthrum,Monarthrum mali,Monarthrum mali,1,0,0,0,2,0,0,1,0,0,0,0,0,0,0,1,2,0,4,0,0,0,0,0,0,1,0,0,0,0,0,0,0,0,3,0,1,0,0,1,2,0,0,0,1,3,2,0,0,0,0,0,0,0,0,1,0,3,2,0,0,0,0,0,1,0,0,1,0,0,0,0
Insecta,Coleoptera,Curculionidae,Scolytinae,Xyleborinus,Xyleborinus attenuatus,Xyleborinus attenuatus,149,31,1,31,8,1,40,11,0,85,13,2,39,5,0,31,4,0,11,4,0,85,24,2,2,0,0,0,0,0,0,0,0,1,0,0,0,0,0,0,0,0,0,0,0,0,0,0,0,0,0,0,0,0,0,1,0,0,0,0,0,0,0,0,1,0,0,0,0,0,0,0
Insecta,Coleoptera,Curculionidae,Scolytinae,Xyleborinus,Xyleborinus saxesenii,Xyleborinus saxesenii,1,0,0,0,0,0,0,0,0,0,0,0,14,3,0,9,1,0,14,1,0,47,0,0,5,2,0,8,1,0,9,1,0,116,10,0,0,0,0,0,0,0,1,0,0,9,0,0,1,1,0,1,0,0,0,0,0,18,2,0,0,0,0,1,0,0,0,0,0,9,0,0
Insecta,Coleoptera,Curculionidae,Scolytinae,Xylosandrus,Xylosandrus germanus,Xylosandrus germanus,2,2,0,8,5,0,16,23,0,0,1,1,15,13,0,296,651,3,31,4,0,40,57,0,0,16,0,109,415,10,25,3,0,147,104,3,1,0,0,10,25,1,0,2,0,4,6,0,0,0,0,5,9,0,2,2,0,4,14,0,0,0,0,3,11,1,1,0,0,2,1,0
Insecta,Coleoptera,Elateridae,Elaterinae,Ampedus,Ampedus unnamed sp. ,Ampedus unnamed sp. ,1,1,0,0,0,0,0,0,0,0,0,0,0,1,1,0,0,0,0,0,0,0,1,0,0,0,0,1,0,0,1,0,0,0,0,0,0,0,0,0,0,0,0,0,0,0,0,0,0,0,0,0,0,0,0,0,0,0,0,0,0,0,0,0,0,0,0,0,0,0,0,0
Insecta,Coleoptera,Endomychidae,Leiestinae,Phymaphora,Phymaphora pulchella,Phymaphora pulchella,2,1,0,1,1,0,0,0,0,0,1,0,2,1,0,0,1,1,2,0,1,0,0,0,1,0,1,2,5,2,0,0,1,1,1,2,0,2,0,0,1,0,0,0,0,0,0,0,0,0,0,0,0,0,0,0,0,1,0,0,0,0,0,0,0,0,0,0,0,0,0,0
Insecta,Coleoptera,Hydrophilidae,Enochrinae,Cymbiodyta,NA,Cymbiodyta sp.,1,0,0,0,1,1,0,0,0,0,1,0,0,0,1,2,4,1,0,0,0,0,1,0,0,0,0,4,3,2,0,1,0,0,0,1,0,0,1,0,0,2,0,0,0,0,0,0,0,0,0,0,0,2,0,0,0,0,0,0,0,0,0,0,0,1,0,0,0,0,0,0
Insecta,Coleoptera,Latridiidae,Corticariinae,Melanophthalma,NA,Melanophthalma sp.,3,5,0,5,4,4,6,7,5,1,0,0,7,11,10,21,16,33,22,4,8,0,13,13,44,27,19,66,37,92,70,33,21,85,49,106,19,19,21,20,11,17,29,36,25,27,15,0,4,15,10,38,20,44,9,33,8,75,47,113,8,13,17,23,14,46,12,13,10,50,36,85
Insecta,Coleoptera,Nitidulidae,Cryptarchinae,Glischrochilus,Glischrochilus fasciatus,Glischrochilus fasciatus,2,0,0,0,1,0,1,0,1,0,0,0,0,0,0,2,0,2,1,0,1,0,0,0,1,0,0,0,0,1,1,0,0,0,0,0,1,0,0,0,0,0,0,0,0,0,0,0,0,0,0,0,0,0,0,0,0,0,0,0,0,0,0,0,0,0,0,0,0,0,0,0
Insecta,Coleoptera,Nitidulidae,Cryptarchinae,Glischrochilus,Glischrochilus sanguinolentus,Glischrochilus sanguinolentus,1,1,0,0,0,0,6,1,0,6,0,1,0,2,1,5,0,1,1,1,0,10,4,1,0,0,0,2,0,0,0,0,0,4,0,2,0,0,0,1,1,1,0,0,0,3,1,0,0,0,0,2,0,1,0,0,0,1,1,1,0,0,0,3,0,0,0,0,0,0,1,1
Insecta,Coleoptera,Silvanidae,Brontinae,Dendrophagus,Dendrophagus cygnaei,Dendrophagus cygnaei,1,1,0,0,0,1,0,0,0,0,0,0,1,1,0,0,2,0,0,0,0,0,0,0,0,0,0,2,1,0,0,0,0,0,0,0,1,0,0,0,0,0,0,0,0,0,0,0,0,0,0,0,0,0,0,0,0,0,0,0,0,0,0,0,0,0,0,0,0,0,0,0
Insecta,Coleoptera,Thanerocleridae,Zenodosinae,Zenodosus,Zenodosus sanguineus,Zenodosus sanguineus,1,0,0,0,0,0,0,0,0,0,0,0,1,1,0,3,1,0,3,0,0,0,1,4,3,3,0,2,1,1,7,2,1,4,2,3,1,3,2,0,0,0,0,1,2,0,0,0,0,3,0,0,1,0,1,0,0,0,1,1,1,0,0,0,0,0,1,0,1,0,2,2
Insecta,Hymenoptera,NA,NA,NA,NA,Parasitic Wasp,1,3,1,0,0,1,0,0,3,0,0,0,0,0,1,0,0,0,1,0,0,0,1,0,0,0,1,0,0,1,1,0,0,0,0,1,1,1,1,1,0,1,0,0,1,1,0,0,0,0,0,0,0,0,2,0,0,1,3,0,0,0,0,0,0,0,0,0,0,0,0,0
Insecta,Coleoptera,Ciidae,Ciinae,Orthocis,Orthocis punctatus,Orthocis punctatus,0,1,0,0,0,1,2,0,1,0,0,0,0,1,0,0,1,0,1,0,1,1,0,0,0,2,0,0,2,1,0,2,1,0,1,0,0,0,0,0,0,1,0,0,1,0,0,0,0,0,0,0,0,0,0,0,0,0,0,0,0,0,0,0,0,0,0,0,0,0,0,0
Insecta,Coleoptera,Cleridae,Clerinae,Enoclerus,Enoclerus nigripes,Enoclerus nigripes,0,2,0,3,2,0,0,2,2,2,1,0,0,0,0,2,2,0,2,4,3,3,15,0,1,1,1,17,21,5,5,3,5,8,65,26,1,0,0,6,13,1,4,11,6,3,29,0,0,0,0,0,0,0,0,3,5,0,8,11,0,0,0,1,1,1,0,0,0,0,1,3
Insecta,Coleoptera,Curculionidae,Molytinae,Hylobius,Hylobius pales,Hylobius pales,0,1,0,0,0,0,0,0,0,0,0,0,0,6,0,0,11,0,0,2,0,0,3,0,0,7,0,0,34,0,0,3,0,0,11,0,0,1,0,0,2,0,0,1,0,0,1,0,0,5,0,0,14,0,0,2,0,0,1,0,0,5,0,0,3,0,0,0,0,0,1,0
Insecta,Coleoptera,Curculionidae,Molytinae,Pissodes,Pissodes strobi,Pissodes strobi,0,11,0,0,4,0,0,10,1,0,3,0,0,3,0,0,30,0,0,7,0,0,3,0,0,1,0,0,9,0,0,4,0,0,6,0,0,0,0,0,2,0,0,1,0,0,0,0,0,0,0,0,0,0,0,0,0,0,0,0,0,0,0,0,0,0,0,0,0,0,1,0
Insecta,Coleoptera,Curculionidae,Scolytinae,Dendroctonus,Dendroctonus valens,Dendroctonus valens,0,3,0,1,0,0,0,7,0,0,0,0,0,6,0,1,51,0,0,24,0,0,29,0,0,0,0,0,5,0,0,23,0,0,37,0,0,0,0,0,0,0,0,3,0,0,8,0,0,0,0,0,0,0,0,0,0,0,0,0,0,0,0,0,1,0,0,0,0,0,0,0
Insecta,Coleoptera,Curculionidae,Scolytinae,Hylastes,Hylastes opacus,Hylastes opacus,0,1,0,0,0,0,0,0,0,0,0,0,1,5,1,0,4,1,0,0,0,0,2,0,0,4,0,0,0,0,0,0,0,0,0,0,0,0,0,0,0,0,0,0,0,0,0,0,0,0,0,0,0,0,0,0,0,0,0,0,0,0,0,0,0,0,0,0,0,0,0,0
Insecta,Coleoptera,Curculionidae,Scolytinae,Hylurgops,Hylurgops pinifex,Hylurgops pinifex,0,2,0,0,1,0,0,0,0,0,0,0,0,1,0,0,2,0,0,0,0,0,0,0,0,1,0,0,9,0,0,0,0,0,2,0,0,1,0,0,17,0,0,0,0,0,0,0,0,0,0,0,5,0,0,0,0,0,0,0,0,0,0,0,2,0,0,0,0,0,0,0
Insecta,Coleoptera,Curculionidae,Scolytinae,Trypodendron,Trypodendron retusum,Trypodendron retusum,0,1,0,0,0,0,0,0,0,1,0,0,0,0,0,0,0,0,0,0,0,0,0,0,0,0,0,0,0,0,0,0,0,0,0,0,0,0,0,0,0,0,0,0,0,0,0,0,0,0,0,0,0,0,0,0,0,0,0,0,0,0,0,0,0,0,0,0,0,0,0,0
Insecta,Coleoptera,Curculionidae,Scolytinae,Xyloterinus,Xyloterinus politus,Xyloterinus politus,0,1,1,0,1,0,2,1,1,0,0,1,9,5,2,8,6,8,3,4,0,2,10,19,0,0,0,2,0,0,1,0,0,1,1,4,0,0,0,0,0,0,0,0,0,0,0,0,0,0,0,0,0,0,0,0,0,0,0,0,0,0,0,0,0,0,0,0,0,0,0,0
Insecta,Coleoptera,Dytiscidae,Dytiscinae,Acilius,Acilius mediatus,Acilius mediatus,0,1,0,0,0,0,0,0,0,0,0,0,1,0,0,0,0,0,0,0,0,0,0,0,1,1,1,0,0,0,0,0,0,0,0,0,0,0,1,0,0,0,0,0,0,0,1,0,0,0,0,0,0,0,0,0,0,0,0,0,0,0,0,0,0,0,0,0,0,0,0,0
Insecta,Coleoptera,Lampyridae,Lampyrinae,Ellychnia,Ellychnia corrusca,Ellychnia corrusca,0,1,0,0,0,0,1,1,1,0,1,0,0,0,0,0,1,2,2,1,1,0,0,0,2,2,2,1,7,2,2,1,1,1,0,3,2,0,2,1,0,0,0,0,0,0,1,0,1,0,0,0,0,0,0,0,0,0,1,0,0,0,0,1,0,0,0,0,0,0,0,0
Insecta,Coleoptera,Staphylinidae,Xantholininae,Nudobius,Nudobius cephalus,Nudobius cephalus,0,1,0,0,0,0,0,0,0,0,0,0,0,0,0,0,2,0,0,0,0,2,1,0,0,1,0,0,0,0,0,2,0,0,0,0,0,0,0,0,0,0,0,0,0,0,0,0,0,0,0,0,0,0,0,0,0,0,0,0,0,0,0,0,0,0,0,0,0,0,0,0
Insecta,Hemiptera,Anthocoridae,Nosubfamily_Anthocoridae,Amphiareus,Amphiareus obscuriceps,Amphiareus obscuriceps,0,1,0,0,0,0,0,0,0,0,0,0,0,0,0,0,0,0,0,0,0,0,0,0,0,0,0,0,0,0,0,0,0,0,0,0,0,0,0,0,0,0,0,0,0,0,0,0,0,0,0,0,0,0,0,0,0,0,0,0,0,0,0,0,0,0,0,0,0,0,0,0
Insecta,Coleoptera,Curculionidae,Conoderinae,Cylindrocopturus,Cylindrocopturus longulus,Cylindrocopturus longulus,0,0,1,0,0,0,0,0,0,0,0,0,0,0,0,0,0,0,0,0,0,0,0,0,0,0,0,0,0,0,0,0,0,0,0,0,0,0,0,0,0,0,0,0,0,0,0,0,0,0,0,0,0,0,0,0,0,0,0,0,0,0,0,0,0,0,0,0,0,0,0,0
Insecta,Coleoptera,Mycetophagidae,Mycetophaginae,Mycetophagus,Mycetophagus pluripunctatus,Mycetophagus pluripunctatus,0,0,1,0,0,0,0,0,0,0,0,0,0,0,0,0,0,0,0,0,0,0,0,0,0,0,0,0,0,1,0,0,0,0,0,0,0,0,0,0,0,0,0,0,0,0,0,0,0,0,0,0,0,0,0,0,0,0,0,0,0,0,0,0,0,0,0,0,0,0,0,0
Insecta,Plecoptera,NA,NA,NA,NA,Plecoptera,0,0,1,0,0,0,0,0,0,0,0,0,0,0,0,0,0,0,0,0,0,0,0,0,0,0,0,0,0,0,0,0,0,0,0,0,0,0,0,0,0,0,0,0,0,0,0,0,0,0,0,0,0,0,0,0,0,0,0,0,0,0,0,0,0,0,0,0,0,0,0,0
Insecta,Coleoptera,Cucujidae,NoSubfamily_Cucujidae,Cucujus,Cucujus clavipes,Cucujus clavipes,0,0,0,1,0,0,0,0,0,0,0,0,0,1,0,1,0,0,0,0,0,1,0,0,0,0,0,0,0,1,0,0,0,2,0,0,0,0,0,0,0,0,0,0,0,0,0,0,0,1,0,0,0,0,0,0,0,0,0,0,0,0,0,0,0,0,0,0,0,0,0,0
Insecta,Coleoptera,Curculionidae,Scolytinae,Ips,Ips pini,Ips pini,0,0,0,1,0,0,0,0,2,0,0,0,0,0,0,0,0,0,0,0,0,0,0,2,0,0,0,0,0,1,0,0,0,0,0,0,0,0,0,0,0,0,0,0,0,0,0,0,0,0,0,0,0,0,0,0,0,0,0,0,0,0,0,0,0,0,0,0,1,0,0,1
Insecta,Coleoptera,Curculionidae,Scolytinae,Pityogenes,Pityogenes hopkinsi,Pityogenes hopkinsi,0,0,0,1,1,0,1,0,0,0,3,0,0,0,1,4,2,1,1,1,0,0,15,2,1,0,0,0,1,0,0,0,0,0,1,0,0,0,0,0,0,0,0,0,0,0,1,0,0,0,0,0,0,0,0,0,0,0,1,1,0,0,0,0,0,1,0,0,0,0,0,0
Insecta,Coleoptera,Laemophloeidae,NoSubfamily_Laemophloeidae,Charaphloeus,Charaphloeus convexulus,Charaphloeus convexulus,0,0,0,1,0,2,0,0,3,0,0,0,0,0,1,0,0,0,3,1,1,0,0,0,0,0,0,1,1,0,1,0,1,0,0,0,0,0,0,0,0,0,0,0,2,0,0,0,0,0,0,0,0,0,0,0,0,0,0,0,0,0,0,0,0,0,0,0,0,0,0,0
Insecta,Coleoptera,Latridiidae,Latridiinae,Enicmus,Enicmus tenuicornis,Enicmus tenuicornis,0,0,0,1,0,1,3,0,0,0,1,0,4,1,1,3,0,2,1,0,1,0,0,0,0,1,0,0,2,1,0,1,2,1,1,0,0,0,1,0,0,1,0,0,2,0,0,0,1,0,0,1,0,0,0,1,0,0,0,0,0,1,0,0,0,0,0,1,0,0,0,0
Insecta,Coleoptera,Scirtidae,Scirtinae,Contacyphon,NA,Contacyphon sp.,0,0,0,2,2,1,1,1,0,0,0,0,0,0,0,0,1,0,0,0,0,0,0,0,1,0,0,0,0,2,0,0,0,0,0,0,0,0,1,0,0,2,0,0,0,0,0,0,0,1,0,0,0,2,0,0,0,0,0,0,3,1,0,0,1,1,0,0,0,1,0,0
Insecta,Coleoptera,Staphylinidae,Aleocharinae,NA,NA,Aleocharinae gen. sp.,0,0,0,1,0,0,0,1,0,0,2,3,0,0,2,0,1,0,1,0,1,0,0,0,0,1,0,1,2,0,0,0,0,1,0,5,0,0,1,0,1,0,1,0,1,0,0,0,1,1,1,1,2,0,1,0,1,1,0,0,0,1,0,3,0,0,1,1,0,0,1,1
Insecta,Coleoptera,Staphylinidae,Tachyporinae,Sepedophilus,NA,Sepedophilus sp.,0,0,0,1,0,0,1,2,0,0,0,0,2,0,0,1,1,0,1,0,0,0,1,2,1,3,0,1,2,6,3,1,0,2,1,3,1,1,0,2,0,0,0,0,2,0,0,0,1,0,0,5,0,2,0,3,0,2,0,2,0,0,0,1,1,0,1,1,0,0,0,0
Arachnida,Araneae,NA,NA,NA,NA,Spider,0,0,0,0,1,0,0,0,1,0,0,1,1,1,1,0,0,0,1,0,0,0,0,0,0,0,1,1,0,0,0,0,0,0,0,0,0,0,0,1,0,1,1,0,0,0,0,0,0,0,0,1,1,0,0,1,0,0,0,1,1,1,0,1,2,0,0,0,0,0,2,0
Insecta,Coleoptera,Curculionidae,Scolytinae,Gnathotrichus,Gnathotrichus materiarius,Gnathotrichus materiarius,0,0,0,0,2,0,0,2,1,0,2,0,0,6,0,3,11,0,0,0,2,0,5,1,0,0,0,2,1,0,0,0,0,1,0,2,0,0,0,0,0,0,1,0,0,0,0,0,0,0,0,0,0,2,0,0,0,0,1,0,0,0,0,1,0,0,0,0,0,0,1,0
Insecta,Coleoptera,Curculionidae,Scolytinae,Orthotomicus,Orthotomicus caelatus,Orthotomicus caelatus,0,0,0,0,2,0,0,1,0,0,1,0,0,1,0,0,8,0,0,2,1,0,1,6,0,1,0,3,14,15,0,2,0,3,14,17,0,0,0,1,10,0,0,0,0,0,0,0,0,2,0,0,11,5,0,1,2,0,2,5,0,0,0,1,0,2,0,0,0,0,0,0
Insecta,Coleoptera,Curculionidae,Scolytinae,Pityophthorus,Pityophthorus cariniceps,Pityophthorus cariniceps,0,0,0,0,1,0,0,2,2,0,2,2,0,0,0,0,0,0,0,0,0,0,0,1,0,0,0,1,0,0,0,0,0,0,0,0,0,0,0,0,0,0,0,0,0,1,0,0,0,0,0,0,1,0,0,0,0,0,0,0,0,0,0,0,0,0,0,0,0,0,0,0
Insecta,Coleoptera,Hydraenidae,Hydraeninae,Hydraena,NA,Hydraena sp.,0,0,0,0,1,0,0,0,0,0,0,0,0,0,0,0,0,3,0,0,0,0,0,0,0,0,0,0,1,0,0,0,0,0,0,0,0,0,0,0,0,0,0,0,0,0,0,0,0,0,0,0,0,0,0,0,0,0,1,0,0,0,0,1,0,0,0,0,0,0,1,0
Insecta,Coleoptera,Hydrophilidae,Enochrinae,Enochrus,NA,Enochrus sp.,0,0,0,0,1,0,0,0,0,0,0,0,0,0,0,0,0,0,0,0,0,0,0,0,0,0,0,0,0,0,0,0,0,0,0,0,0,1,0,0,0,0,0,0,0,0,0,0,0,0,0,0,0,0,0,0,0,0,0,0,1,2,0,0,0,0,0,0,0,0,0,0
Insecta,Coleoptera,Latridiidae,Corticariinae,Cortinicara,Cortinicara gibbosa,Cortinicara gibbosa,0,0,0,0,2,0,0,0,0,0,0,0,0,0,0,0,0,0,0,1,0,0,1,0,0,0,0,0,0,0,0,0,0,0,0,0,0,0,0,0,0,0,0,0,0,0,0,0,0,0,0,0,0,0,0,0,0,0,0,0,0,0,0,0,0,0,0,0,0,0,0,0
Insecta,Coleoptera,Tenebrionidae,Diaperinae,Corticeus,Corticeus praetermissus,Corticeus praetermissus,0,0,0,0,1,0,0,0,0,0,0,0,0,0,0,0,0,0,0,0,0,0,0,0,0,0,0,0,0,0,0,0,0,0,0,0,0,0,0,0,0,0,0,0,0,0,0,0,0,0,0,0,0,0,0,0,0,0,0,0,0,0,0,0,0,0,0,0,0,0,0,0
Insecta,Coleoptera,Cryptophagidae,Cryptophaginae,Cryptophagus,NA,Cryptophagus sp.,0,0,0,0,0,2,0,0,0,0,0,1,0,0,0,0,0,0,1,0,0,0,0,0,0,0,0,0,0,0,0,0,0,0,0,0,0,0,0,0,0,0,0,0,0,0,0,0,0,0,0,0,0,0,0,0,0,0,0,0,0,0,0,0,0,0,0,0,0,0,0,0
Insecta,Coleoptera,Salpingidae,Salpinginae,Rhinosimus,Rhinosimus viridiaeneus,Rhinosimus viridiaeneus,0,0,0,0,0,1,0,0,0,1,0,0,0,0,0,1,0,0,1,0,0,0,0,0,0,0,0,0,0,0,0,1,0,1,0,0,0,0,0,0,0,0,0,0,0,0,0,0,0,0,0,0,0,0,0,0,0,0,0,0,0,0,0,0,0,0,0,0,0,0,0,0
Insecta,Hymenoptera,Ichneumonidae,NA,NA,NA,Ichneumonidae gen. sp.,0,0,0,0,0,2,0,0,0,0,0,0,0,0,0,0,0,0,1,0,0,0,1,0,1,0,0,0,0,0,0,0,0,0,0,0,0,0,0,0,0,0,0,0,0,0,1,0,0,0,0,0,0,0,0,0,0,0,0,0,0,0,0,0,0,0,0,0,0,0,0,0
Insecta,Coleoptera,Ciidae,Ciinae,Orthocis,Orthocis reflexicollis,Orthocis reflexicollis,0,0,0,0,0,0,1,0,0,0,0,0,0,0,0,0,0,0,0,0,0,0,0,0,0,0,0,0,0,0,0,0,0,0,0,0,0,0,0,0,0,0,0,0,0,0,0,0,0,0,0,0,0,0,0,0,0,0,0,0,0,0,0,0,0,0,0,0,0,0,0,0
Insecta,Coleoptera,Lophocateridae,NoSubfamily_Lophocateridae,Grynocharis,Grynocharis quadrilineata,Grynocharis quadrilineata,0,0,0,0,0,0,1,0,0,0,0,0,0,0,0,0,0,0,0,0,0,0,0,0,0,0,1,0,0,0,0,1,0,0,0,0,0,0,1,0,0,0,0,1,0,0,0,0,0,0,1,1,0,0,0,0,0,0,0,0,0,0,0,0,0,0,0,0,0,0,0,0
Insecta,Coleoptera,Nitidulidae,Cillaeinae,Colopterus,Colopterus truncatus,Colopterus truncatus,0,0,0,0,0,0,7,0,0,0,0,0,2,0,0,6,3,0,4,0,0,6,2,2,0,0,0,1,1,1,0,1,3,9,2,2,0,0,0,0,0,0,0,0,0,0,0,0,0,0,0,0,0,0,0,0,1,1,0,0,0,0,0,0,0,0,0,0,0,0,0,0
Insecta,Coleoptera,Ptiliidae,NA,NA,NA,Ptiliidae gen. sp.,0,0,0,0,0,0,1,0,0,0,0,0,0,0,0,0,1,0,1,0,0,0,0,0,0,0,0,0,0,0,0,0,0,0,1,0,0,0,0,0,0,0,0,0,0,0,0,0,0,0,0,0,0,0,0,0,0,0,0,0,0,1,0,0,0,0,0,0,0,0,0,1
Insecta,Coleoptera,Scarabaeidae,Melolonthinae,Hoplia,Hoplia trifasciata,Hoplia trifasciata,0,0,0,0,0,0,4,1,0,0,0,0,0,0,0,0,0,0,0,0,0,0,0,0,0,0,0,0,0,0,0,0,0,0,0,0,0,0,0,0,0,0,0,0,0,0,0,0,0,0,0,0,0,0,0,0,0,0,0,0,0,0,0,0,0,0,0,0,0,0,0,0
Insecta,Hymenoptera,NA,NA,NA,NA,Platygastroid,0,0,0,0,0,0,1,0,0,0,0,0,0,0,0,0,0,0,0,0,0,0,0,0,0,0,0,0,0,0,0,0,0,0,0,0,0,0,0,0,0,0,0,0,0,0,0,0,0,0,0,0,0,0,0,0,0,0,0,0,0,0,0,0,0,0,0,0,0,0,0,0
Insecta,Lepidoptera,NA,NA,NA,NA,Moth,0,0,0,0,0,0,1,2,0,1,1,0,1,1,1,0,0,1,0,0,0,1,2,1,0,0,0,1,1,0,1,0,1,0,0,0,0,1,1,1,0,0,0,0,0,1,1,0,0,1,1,1,1,0,0,1,0,0,1,0,1,1,0,1,0,0,0,0,1,0,1,0
Insecta,Coleoptera,Corylophidae,Corylophinae,Clypastraea,Clypastraea lunata,Clypastraea lunata,0,0,0,0,0,0,0,1,0,0,0,0,0,1,0,1,0,1,2,0,1,0,0,0,0,0,1,0,0,0,1,1,0,0,1,0,0,1,0,0,0,0,0,0,0,0,0,0,0,0,0,0,0,0,0,0,0,0,0,0,0,0,0,0,0,0,1,0,0,0,0,0
Insecta,Coleoptera,Curculionidae,Scolytinae,Conophthorus,Conophthorus coniperda,Conophthorus coniperda,0,0,0,0,0,0,0,1,0,0,3,0,0,0,0,0,0,0,0,0,0,0,1,2,0,0,0,0,0,0,0,0,0,0,0,0,0,0,0,0,0,0,0,0,0,0,0,0,0,0,0,0,0,0,0,0,0,0,0,0,0,0,0,0,0,0,0,0,0,0,0,0
Insecta,Coleoptera,Curculionidae,Scolytinae,Ips,Ips grandicollis,Ips grandicollis,0,0,0,0,0,0,0,3,0,0,0,0,0,3,0,0,11,0,0,5,0,0,21,0,0,2,0,0,8,0,0,2,0,0,9,0,0,0,0,0,5,0,0,2,0,0,4,0,0,1,0,0,1,0,0,3,0,0,4,0,0,0,0,0,2,0,0,2,0,0,4,0
Insecta,Coleoptera,Derodontidae,Laricobiinae,Laricobius,Laricobius rubidus,Laricobius rubidus,0,0,0,0,0,0,0,1,0,0,0,0,0,0,0,0,0,0,0,0,0,0,0,0,0,0,0,0,0,0,0,0,0,0,0,0,0,0,0,0,0,0,0,0,0,0,0,0,0,0,0,0,0,0,0,0,0,0,0,0,0,0,0,0,0,0,0,0,0,0,0,0
Insecta,Coleoptera,Elateridae,Dendrometrinae,Corymbitodes,Corymbitodes tarsalis,Corymbitodes tarsalis,0,0,0,0,0,0,0,1,0,0,0,0,0,0,0,0,0,0,0,0,0,0,0,0,0,0,0,0,0,0,0,0,0,0,0,0,0,0,0,0,0,0,0,0,0,0,0,0,0,0,0,0,0,0,0,0,0,0,0,0,0,0,0,0,0,0,0,0,0,0,0,0
Insecta,Coleoptera,Erotylidae,Xenoscelinae,Cryptophilus,Cryptophilus seriatus,Cryptophilus seriatus,0,0,0,0,0,0,0,2,0,0,0,0,0,0,0,0,0,0,0,0,0,0,2,0,0,0,0,0,0,0,0,0,0,0,0,0,0,0,0,0,0,0,0,0,0,0,0,0,0,0,0,0,0,0,0,0,0,0,0,0,0,0,0,0,0,0,0,0,0,0,0,0
Insecta,Plecoptera,NA,NA,NA,NA,Stonefly,0,0,0,0,0,0,0,1,0,0,0,0,0,0,0,0,0,0,0,0,0,0,0,0,0,0,0,0,0,0,0,0,0,0,0,0,0,0,0,0,0,0,0,0,0,0,0,0,0,0,0,0,0,0,0,0,0,0,0,0,0,0,0,0,0,0,0,0,0,0,0,0
Insecta,Coleoptera,Carabidae,Harpalinae,Stenolophus,NA,Stenolophus sp.,0,0,0,0,0,0,0,0,1,0,0,0,0,0,0,0,0,0,0,0,1,0,0,0,0,0,0,0,0,0,0,0,0,0,0,0,0,0,0,0,0,0,0,0,0,0,0,0,0,0,0,0,0,0,0,0,0,0,0,0,0,0,0,0,0,0,0,0,0,0,0,0
Insecta,Coleoptera,Cleridae,Clerinae,Thanasimus,Thanasimus dubius,Thanasimus dubius,0,0,0,0,0,0,0,0,3,0,1,0,0,1,0,0,2,0,0,0,0,0,3,1,0,0,0,0,1,1,0,0,2,0,1,0,0,0,0,0,2,1,0,0,2,0,0,0,0,0,1,0,1,0,0,1,3,0,1,2,0,0,0,0,0,0,0,0,0,0,0,0
Insecta,Coleoptera,Cryptophagidae,Cryptophaginae,Henoticus,Henoticus pilifer,Henoticus pilifer,0,0,0,0,0,0,0,0,1,0,0,0,0,0,0,0,0,0,0,0,0,1,0,0,0,0,0,0,0,1,0,0,0,0,0,0,0,0,0,0,0,0,0,0,0,0,0,0,0,0,0,0,0,0,0,0,0,0,0,0,0,0,0,0,0,0,0,0,0,0,1,0
Insecta,Coleoptera,Curculionidae,Scolytinae,Hylesinus,Hylesinus aculeatus,Hylesinus aculeatus,0,0,0,0,0,0,0,0,0,1,0,0,0,0,0,0,1,0,0,0,0,1,23,2,0,0,0,0,0,0,0,0,0,2,0,0,0,0,0,0,0,0,0,0,0,0,0,0,0,0,0,0,0,0,0,0,0,0,0,0,0,0,0,0,0,0,0,0,0,0,0,0
Insecta,Coleoptera,Derodontidae,Laricobiinae,Laricobius,Laricobius nigrinus,Laricobius nigrinus,0,0,0,0,0,0,0,0,0,1,0,0,0,0,0,0,0,0,0,0,0,0,0,0,0,0,0,0,0,0,0,0,0,0,0,0,0,0,0,0,0,0,0,0,0,0,0,0,0,0,0,0,0,0,0,0,0,0,0,0,0,0,0,0,0,0,0,0,0,0,0,0
Insecta,Coleoptera,Elateridae,Dendrometrinae,Sylvanelater,Sylvanelater cylindriformis,Sylvanelater cylindriformis,0,0,0,0,0,0,0,0,0,1,0,0,0,0,0,0,0,0,0,0,0,1,0,0,0,0,0,0,0,0,0,0,0,0,0,0,0,0,0,0,0,0,0,0,0,0,0,0,0,0,0,0,0,0,0,0,0,0,0,0,0,0,0,0,0,0,0,0,0,0,0,0
Insecta,Coleoptera,Nitidulidae,Epuraeinae,Epuraea,NA,Epuraea sp.,0,0,0,0,0,0,0,0,0,1,2,0,0,0,0,0,2,0,0,0,0,0,1,1,0,0,0,0,0,0,0,0,0,0,1,0,0,0,0,0,0,0,0,0,1,0,0,0,0,0,0,0,0,0,0,0,0,0,0,0,0,0,0,0,0,0,0,0,0,1,0,1
Insecta,Coleoptera,Staphylinidae,Scydmaeninae,NA,NA,Scydmaeninae gen. sp.,0,0,0,0,0,0,0,0,0,1,0,0,1,0,0,0,1,0,1,0,1,0,0,5,1,0,1,1,0,1,0,0,0,0,2,1,0,0,0,1,0,0,0,0,0,0,0,0,0,1,0,1,0,1,0,0,0,0,1,1,0,0,0,0,0,3,0,0,1,0,0,0
Insecta,Hemiptera,Miridae,Mirinae,Lygus,NA,Lygus sp.,0,0,0,0,0,0,0,0,0,1,0,0,0,0,0,0,0,0,0,0,0,0,0,0,0,0,0,0,0,0,0,0,0,0,0,0,0,0,0,0,0,0,0,0,0,0,0,0,0,0,0,0,0,0,0,0,0,0,0,0,0,0,0,0,0,0,0,0,0,0,0,0
Insecta,Coleoptera,Curculionidae,Scolytinae,Pityophthorus,Pityophthorus puberulus,Pityophthorus puberulus,0,0,0,0,0,0,0,0,0,0,1,0,0,0,1,0,0,0,1,5,2,0,5,1,0,0,0,0,0,0,1,0,0,0,0,0,0,0,0,0,0,0,1,2,1,0,4,0,0,0,0,0,0,0,0,1,1,0,0,0,0,0,0,0,0,0,0,0,0,0,1,0
Insecta,Coleoptera,Carabidae,Harpalinae,Agonoleptus,Agonoleptus conjunctus,Agonoleptus conjunctus,0,0,0,0,0,0,0,0,0,0,0,0,1,0,0,0,0,0,0,0,0,0,0,0,0,0,0,0,0,0,0,0,0,0,0,0,0,0,0,0,0,0,0,0,0,0,0,0,0,0,0,0,0,0,0,0,0,0,0,0,0,0,0,0,0,0,0,0,0,0,0,0
Insecta,Coleoptera,Curculionidae,Molytinae,Pissodes,Pissodes affinis,Pissodes affinis,0,0,0,0,0,0,0,0,0,0,0,0,1,9,0,0,5,0,0,0,0,0,0,0,0,29,0,0,13,0,0,7,0,0,4,0,0,0,0,0,4,0,0,1,0,0,2,0,0,2,0,0,4,0,0,1,0,0,2,0,0,1,0,0,1,0,0,0,0,0,0,0
Insecta,Coleoptera,Curculionidae,Scolytinae,Anisandrus,Anisandrus sayi,Anisandrus sayi,0,0,0,0,0,0,0,0,0,0,0,0,49,7,0,15,1,0,25,2,0,5,2,0,17,13,1,86,9,0,53,4,0,123,12,0,8,1,0,7,1,0,4,0,0,15,0,0,0,2,0,2,0,0,10,0,0,28,1,0,1,0,0,0,0,0,3,1,0,14,0,0
Insecta,Coleoptera,Elateridae,Dendrometrinae,Limonius,Limonius basilaris,Limonius basilaris,0,0,0,0,0,0,0,0,0,0,0,0,2,2,0,0,0,0,0,1,0,0,0,0,3,2,4,0,1,0,2,1,1,0,1,0,4,0,2,0,0,0,0,1,0,0,0,0,0,0,0,1,1,0,1,0,0,0,0,0,0,0,0,0,1,0,2,0,0,0,0,0
Insecta,Coleoptera,Elateridae,Elaterinae,Sericus,Sericus viridanus,Sericus viridanus,0,0,0,0,0,0,0,0,0,0,0,0,1,1,0,0,0,0,0,0,0,0,0,0,0,0,0,0,0,0,0,0,0,0,0,0,0,0,0,0,0,0,0,0,0,0,0,0,0,0,0,0,0,0,0,0,0,0,0,0,0,0,0,0,0,0,0,0,0,0,0,0
Insecta,Coleoptera,Eucnemidae,Dromaeolinae,Isarthrus,Isarthrus calceatus,Isarthrus calceatus,0,0,0,0,0,0,0,0,0,0,0,0,1,0,0,0,0,0,4,1,0,0,0,0,0,5,1,1,1,0,0,0,0,8,2,4,1,0,0,0,1,0,0,1,0,2,1,0,0,0,0,0,0,0,0,0,0,0,0,0,0,0,0,0,0,0,0,0,0,0,0,0
Insecta,Coleoptera,Staphylinidae,Mycetoporinae,Mycetoporus,NA,Mycetoporus sp.,0,0,0,0,0,0,0,0,0,0,0,0,1,2,0,0,0,0,0,0,0,0,0,0,0,0,0,0,0,0,0,0,0,0,0,0,0,0,0,0,0,0,0,0,0,0,0,0,0,0,0,0,0,0,0,0,0,0,0,0,0,0,0,0,0,0,0,0,0,0,0,0
Insecta,Coleoptera,Staphylinidae,Oxytelinae,Oxytelus,NA,Oxytelus sp.,0,0,0,0,0,0,0,0,0,0,0,0,1,0,0,0,0,0,0,0,0,0,0,0,0,0,0,0,0,0,0,0,0,0,0,0,0,0,0,0,0,0,0,0,0,0,0,0,0,0,0,0,0,0,0,0,0,0,0,0,0,0,0,0,0,0,0,0,0,0,0,0
Insecta,Coleoptera,Staphylinidae,Paederinae,Sunius,Sunius confluentus,Sunius confluentus,0,0,0,0,0,0,0,0,0,0,0,0,1,1,0,0,0,0,1,0,0,0,0,0,0,2,0,0,3,1,0,1,0,0,0,0,0,0,0,0,0,0,0,0,0,0,0,0,0,0,0,0,1,0,0,0,0,0,0,0,0,0,0,0,0,0,0,0,0,0,0,0
Insecta,Coleoptera,Staphylinidae,Pselaphinae,Batrisodes,Batrisodes riparius,Batrisodes riparius,0,0,0,0,0,0,0,0,0,0,0,0,1,0,0,0,0,0,0,0,0,0,0,0,0,0,0,0,0,0,0,0,0,0,0,0,0,0,0,0,0,0,0,0,0,0,0,0,0,0,0,0,0,0,0,0,0,0,0,0,0,0,0,0,0,0,0,0,0,0,0,0
Insecta,Coleoptera,Staphylinidae,Staphylininae,Belonuchus,Belonuchus rufipennis,Belonuchus rufipennis,0,0,0,0,0,0,0,0,0,0,0,0,1,0,0,0,0,0,0,0,0,0,0,0,0,0,0,0,1,0,0,0,0,0,2,0,0,1,0,0,0,0,0,0,0,0,0,0,2,0,0,0,0,1,0,0,0,0,0,1,0,2,0,0,1,0,0,0,0,0,0,0
Insecta,Coleoptera,Trogossitidae,Trogossitinae,Tenebroides,Tenebroides corticalis,Tenebroides corticalis,0,0,0,0,0,0,0,0,0,0,0,0,1,0,0,2,0,1,6,1,1,0,0,0,2,4,0,1,0,1,8,0,7,1,1,4,1,2,0,2,0,1,6,1,0,0,1,0,2,0,0,1,1,0,6,0,1,2,1,5,0,2,1,2,1,1,1,1,3,0,1,0
Insecta,Hemiptera,Cicadellidae,Typhlocybinae,Eratoneura,NA,Eratoneura sp.,0,0,0,0,0,0,0,0,0,0,0,0,2,0,2,0,0,0,1,1,0,0,0,0,0,0,0,0,0,0,0,0,0,0,0,0,0,0,0,0,0,0,0,0,0,0,0,0,0,0,0,0,0,0,0,0,0,0,0,0,0,0,0,0,0,0,0,0,0,0,0,0
Insecta,Hymenoptera,Apidae,Nomadinae,Nomada,NA,Nomada sp.,0,0,0,0,0,0,0,0,0,0,0,0,1,0,0,0,0,0,0,0,0,0,0,0,0,0,0,0,0,0,0,1,0,0,0,0,0,0,0,0,0,0,0,0,0,0,0,0,0,0,0,0,0,0,0,0,0,0,0,0,0,0,0,0,0,0,0,0,0,0,0,0
Insecta,Coleoptera,Bostrichidae,Dinoderinae,Prostephanus,Prostephanus punctatus,Prostephanus punctatus,0,0,0,0,0,0,0,0,0,0,0,0,0,1,0,0,0,0,0,0,0,0,0,0,0,0,0,0,0,0,0,0,0,0,0,0,0,0,0,0,0,0,0,0,0,0,0,0,0,0,0,0,0,0,0,0,0,0,0,0,0,0,0,0,0,0,0,0,0,0,0,0
Insecta,Coleoptera,Ciidae,Ciinae,Cis,Cis fuscipes,Cis fuscipes,0,0,0,0,0,0,0,0,0,0,0,0,0,1,0,0,0,0,0,0,0,0,0,0,0,0,0,0,1,2,1,0,0,3,4,0,0,0,0,0,0,0,0,0,0,0,1,0,0,0,0,0,0,0,0,0,0,0,1,0,0,0,0,0,0,0,0,0,0,0,0,0
Insecta,Coleoptera,Curculionidae,Scolytinae,Hylastes,Hylastes porculus,Hylastes porculus,0,0,0,0,0,0,0,0,0,0,0,0,0,1,0,0,0,0,0,0,0,0,1,0,0,3,0,0,0,0,0,1,0,0,0,0,0,0,0,0,0,0,0,1,0,0,1,0,0,0,0,0,1,0,0,1,0,0,2,0,0,0,0,0,0,0,0,0,0,0,1,0
Insecta,Coleoptera,Curculionidae,Scolytinae,Pityophthorus,Pityophthorus consimilis,Pityophthorus consimilis,0,0,0,0,0,0,0,0,0,0,0,0,0,1,0,0,0,0,0,0,0,0,0,1,0,0,0,1,2,0,0,0,0,0,0,0,0,0,0,0,0,0,0,0,0,0,0,0,0,0,0,0,0,0,0,0,0,0,0,0,0,0,0,0,0,0,0,1,0,0,0,0
Insecta,Coleoptera,Curculionidae,Scolytinae,Pseudopityophthorus,Pseudopityophthorus minutissimus,Pseudopityophthorus minutissimus,0,0,0,0,0,0,0,0,0,0,0,0,0,1,0,0,0,0,0,0,0,0,0,0,0,0,0,0,0,0,2,0,0,0,0,0,0,0,0,0,0,0,0,0,0,0,0,0,0,0,0,1,0,0,1,0,0,0,0,0,0,0,0,0,0,0,0,1,0,0,0,0
Insecta,Coleoptera,Elateridae,Elaterinae,Ampedus,Ampedus linteus,Ampedus linteus,0,0,0,0,0,0,0,0,0,0,0,0,0,1,0,0,0,0,0,0,0,0,0,0,0,0,0,0,0,0,0,0,0,0,0,0,0,0,0,0,0,0,0,0,0,0,0,0,0,0,0,0,0,0,0,0,0,0,0,0,0,0,0,0,0,0,0,0,0,0,0,0
Insecta,Coleoptera,Endomychidae,Leiestinae,Rhanidea,Rhanidea unicolor,Rhanidea unicolor,0,0,0,0,0,0,0,0,0,0,0,0,0,1,0,0,0,0,0,0,0,0,0,0,0,0,0,0,0,0,0,0,0,0,0,0,0,0,1,0,0,0,0,0,0,0,0,0,0,0,0,0,1,0,0,0,0,0,0,0,0,0,0,0,0,0,0,0,0,0,0,0
Insecta,Coleoptera,Latridiidae,Corticariinae,Corticaria,NA,Corticaria sp.,0,0,0,0,0,0,0,0,0,0,0,0,0,1,0,0,0,0,0,0,0,0,0,0,0,0,0,0,0,0,0,0,0,0,0,0,0,0,0,0,0,0,0,0,0,0,0,0,0,0,0,0,0,0,0,0,0,0,0,0,0,0,0,0,0,0,0,0,0,0,0,0
Insecta,Coleoptera,Leiodidae,Leiodinae,Agathidium,NA,Agathidium sp.,0,0,0,0,0,0,0,0,0,0,0,0,0,2,0,3,2,0,0,0,0,0,1,0,1,2,1,2,1,0,1,0,0,0,0,1,0,0,0,0,0,1,1,2,1,0,1,0,0,2,0,1,0,0,0,0,0,1,2,1,0,0,0,2,0,0,0,0,0,0,0,0
Insecta,Coleoptera,Oedemeridae,Oedemerinae,Ischnomera,Ischnomera ruficollis,Ischnomera ruficollis,0,0,0,0,0,0,0,0,0,0,0,0,0,1,0,1,0,0,0,0,0,0,0,0,0,0,0,0,0,0,1,0,0,0,0,1,0,0,0,0,0,0,0,0,0,0,0,0,0,0,0,0,0,0,0,0,0,0,0,0,0,0,0,0,0,0,0,0,0,0,0,0
Insecta,Coleoptera,Pythidae,NoSubfamily_Pythidae,Pytho,Pytho americanus,Pytho americanus,0,0,0,0,0,0,0,0,0,0,0,0,0,2,0,0,0,0,0,0,0,0,0,0,0,1,0,0,0,0,0,0,0,0,1,0,0,0,0,0,0,0,0,0,0,0,0,0,0,0,0,0,0,0,0,0,0,0,0,0,0,0,0,0,0,0,0,0,0,0,0,0
Insecta,Coleoptera,Pythidae,NoSubfamily_Pythidae,Pytho,Pytho niger,Pytho niger,0,0,0,0,0,0,0,0,0,0,0,0,0,1,1,0,0,0,0,0,0,0,0,0,0,0,0,2,0,0,0,0,0,0,0,0,0,0,0,0,0,0,0,0,0,0,0,0,0,0,0,0,0,0,0,0,0,0,0,0,0,0,0,0,0,0,0,0,0,0,0,0
Insecta,Coleoptera,Scarabaeidae,Melolonthinae,Serica,Serica georgiana,Serica georgiana,0,0,0,0,0,0,0,0,0,0,0,0,0,1,0,0,0,0,0,0,0,0,0,0,0,0,0,0,0,0,0,0,0,0,0,0,0,0,1,0,1,0,0,0,0,0,0,0,1,0,0,0,0,0,0,0,0,0,0,0,0,0,0,0,0,0,0,0,0,0,0,0
Insecta,Coleoptera,Staphylinidae,Omaliinae,Phloeonomus,Phloeonomus laesicollis,Phloeonomus laesicollis,0,0,0,0,0,0,0,0,0,0,0,0,0,1,0,0,0,0,0,0,0,0,1,0,0,1,0,0,7,0,0,0,0,1,19,0,0,1,0,0,2,0,0,0,0,0,1,0,0,0,0,0,0,0,0,1,0,0,17,0,0,1,0,0,1,0,0,0,0,0,12,0
Insecta,Coleoptera,Tenebrionidae,Diaperinae,Corticeus,Corticeus parallelus,Corticeus parallelus,0,0,0,0,0,0,0,0,0,0,0,0,0,1,0,0,0,0,0,0,0,0,0,0,0,0,0,0,0,0,0,2,0,0,3,1,0,0,0,0,0,0,0,0,0,0,0,0,0,0,0,0,0,0,0,0,0,0,1,0,0,0,0,0,0,0,0,0,0,0,0,0
Insecta,Hemiptera,Lyctocoridae,NoSubfamily_Lyctocoridae,Lyctocoris,Lyctocoris stalii,Lyctocoris stalii,0,0,0,0,0,0,0,0,0,0,0,0,0,0,1,1,0,0,0,0,1,0,0,0,0,0,0,0,0,0,0,0,0,0,0,0,0,0,0,0,0,0,0,0,0,0,0,0,0,0,0,0,0,0,0,0,0,0,0,0,0,0,0,0,0,0,0,0,0,0,0,0
Insecta,Hymenoptera,Formicidae,Formicinae,Camponotus,Camponotus pennsylvanicus,Camponotus pennsylvanicus,0,0,0,0,0,0,0,0,0,0,0,0,0,0,1,0,0,0,0,1,0,0,0,0,0,0,0,0,0,1,0,0,1,0,4,0,0,0,0,0,0,0,1,2,2,0,6,0,0,0,0,0,0,0,2,1,0,0,1,0,0,0,0,0,0,0,0,1,5,0,0,0
Insecta,Neuroptera,NA,NA,NA,NA,Lacewing,0,0,0,0,0,0,0,0,0,0,0,0,0,0,1,0,0,0,0,0,1,0,0,0,0,0,0,0,0,0,0,0,0,0,0,0,0,0,0,0,0,0,0,0,0,0,0,0,0,0,0,0,0,0,0,0,0,0,0,0,0,0,0,0,0,0,0,0,0,0,0,0
Insecta,Coleoptera,Curculionidae,Scolytinae,Euwallacea,Euwallacea validus,Euwallacea validus,0,0,0,0,0,0,0,0,0,0,0,0,0,0,0,3,1,0,2,0,1,0,0,0,0,0,0,7,14,2,1,0,0,0,0,0,0,0,0,0,0,0,0,0,0,0,0,0,0,0,0,0,0,0,0,0,0,0,0,0,0,0,0,0,0,0,0,0,0,0,0,0
Insecta,Coleoptera,Dytiscidae,Copelatinae,Copelatus,Copelatus glyphicus,Copelatus glyphicus,0,0,0,0,0,0,0,0,0,0,0,0,0,0,0,2,0,0,0,0,0,0,0,0,0,0,0,1,0,0,0,0,0,0,0,0,0,0,0,0,0,0,0,0,0,0,0,0,0,0,0,0,0,0,0,0,0,0,0,0,0,0,0,0,0,0,0,0,0,0,0,0
Insecta,Coleoptera,Elateridae,Elaterinae,Agriotes,Agriotes oblongicollis,Agriotes oblongicollis,0,0,0,0,0,0,0,0,0,0,0,0,0,0,0,1,0,0,0,0,0,0,0,0,1,1,0,8,2,0,0,1,0,0,0,0,0,0,0,0,0,0,0,0,0,0,0,0,0,0,0,0,0,0,0,0,0,0,0,0,0,0,0,0,0,0,0,0,0,0,0,0
Insecta,Coleoptera,Elateridae,Elaterinae,Melanotus,Melanotus hyslopi,Melanotus hyslopi,0,0,0,0,0,0,0,0,0,0,0,0,0,0,0,2,1,0,0,0,0,0,1,1,1,1,0,0,2,0,0,0,0,0,0,1,0,2,4,2,1,0,1,0,1,2,1,0,5,1,2,6,5,1,0,2,1,1,2,1,3,2,3,0,4,4,1,1,3,0,3,1
Insecta,Coleoptera,Leiodidae,Cholevinae,Sciodrepoides,Sciodrepoides terminans,Sciodrepoides terminans,0,0,0,0,0,0,0,0,0,0,0,0,0,0,0,1,0,0,0,0,0,0,0,0,0,0,0,0,0,0,0,0,0,0,0,0,0,0,0,0,0,0,0,0,0,0,0,0,0,0,0,0,0,0,0,0,0,0,0,0,0,0,0,4,0,0,0,0,0,0,0,0
Insecta,Coleoptera,Mycetophagidae,Mycetophaginae,Mycetophagus,Mycetophagus flexuosus,Mycetophagus flexuosus,0,0,0,0,0,0,0,0,0,0,0,0,0,0,0,1,0,0,0,0,0,0,0,0,0,0,0,0,0,0,0,0,0,0,0,0,0,0,0,0,0,0,0,0,0,0,0,0,0,0,0,0,0,0,0,0,0,0,0,0,0,0,0,0,0,0,0,0,0,0,0,0
Insecta,Coleoptera,Scarabaeidae,Cetoniinae,Valgus,Valgus seticollis,Valgus seticollis,0,0,0,0,0,0,0,0,0,0,0,0,0,0,0,1,0,0,0,0,0,0,0,0,0,0,0,0,0,0,0,0,0,0,0,0,0,0,0,0,0,0,0,0,0,0,0,0,0,0,0,0,0,0,0,0,0,0,0,0,0,0,0,0,0,0,0,0,0,0,0,0
Insecta,Coleoptera,Staphylinidae,Paederinae,Rugilus,Rugilus rufipes,Rugilus rufipes,0,0,0,0,0,0,0,0,0,0,0,0,0,0,0,1,0,0,0,0,0,0,0,0,0,0,0,0,0,0,0,0,0,0,0,0,0,0,0,0,0,0,0,0,0,0,0,0,0,0,0,0,0,0,0,0,0,0,0,0,0,0,0,0,0,0,0,0,0,0,0,0
Insecta,Coleoptera,Staphylinidae,Scaphidiinae,Scaphidium,Scaphidium quadriguttatum,Scaphidium quadriguttatum,0,0,0,0,0,0,0,0,0,0,0,0,0,0,0,1,0,0,0,0,0,0,0,0,0,0,0,0,0,0,0,0,0,0,0,0,0,0,0,0,0,0,0,0,0,0,0,0,0,0,0,0,0,0,0,0,0,0,0,0,0,0,0,0,0,0,0,0,0,0,0,0
Insecta,Coleoptera,Bostrichidae,Bostrichinae,Xylobiops,Xylobiops basilaris,Xylobiops basilaris,0,0,0,0,0,0,0,0,0,0,0,0,0,0,0,0,1,0,0,0,0,0,0,0,1,0,0,0,0,0,0,0,2,1,0,0,0,0,0,0,1,0,0,0,0,0,0,0,0,0,1,0,1,0,2,0,0,0,0,1,0,0,0,0,0,0,0,0,0,0,0,0
Insecta,Coleoptera,Carabidae,Harpalinae,Stenolophus,Stenolophus ochropezus,Stenolophus ochropezus,0,0,0,0,0,0,0,0,0,0,0,0,0,0,0,0,1,0,0,0,0,0,0,0,0,0,0,1,0,0,0,1,0,0,0,0,0,0,0,0,0,0,0,0,0,0,0,0,0,0,0,1,0,0,0,2,0,0,0,0,0,0,0,0,0,0,0,0,0,0,0,0
Insecta,Coleoptera,Cryptophagidae,Atomariinae,Atomaria,NA,Atomaria (Atomaria) sp.,0,0,0,0,0,0,0,0,0,0,0,0,0,0,0,0,1,0,0,0,0,0,0,0,0,0,0,0,0,0,0,0,0,0,0,0,0,0,0,0,0,0,0,0,0,0,0,0,0,0,0,0,0,0,0,0,0,0,0,0,0,0,0,0,0,0,0,0,0,0,0,0
Insecta,Coleoptera,Curculionidae,Scolytinae,Dryocoetes,Dryocoetes affaber,Dryocoetes affaber,0,0,0,0,0,0,0,0,0,0,0,0,0,0,0,0,1,0,0,0,0,0,1,0,0,0,0,0,3,0,0,0,0,0,4,0,0,0,0,0,0,0,0,0,0,0,2,0,0,0,0,0,0,0,0,0,0,0,0,0,0,0,0,0,0,0,0,0,0,0,0,0
Insecta,Coleoptera,Elateridae,Elaterinae,Dolerosomus,Dolerosomus silaceus,Dolerosomus silaceus,0,0,0,0,0,0,0,0,0,0,0,0,0,0,0,0,1,0,0,0,0,0,0,0,0,0,0,0,0,0,0,0,0,0,0,0,0,0,0,0,0,0,0,0,0,0,0,0,0,0,0,0,0,0,0,0,0,0,0,0,0,0,0,0,0,0,0,0,0,0,0,0
Insecta,Coleoptera,Cerylonidae,Ceryloninae,Cerylon,Cerylon castaneum,Cerylon castaneum,0,0,0,0,0,0,0,0,0,0,0,0,0,0,0,0,0,1,0,0,0,0,0,0,0,0,0,1,6,2,0,0,0,1,1,0,0,0,0,0,0,1,0,0,0,0,1,0,0,0,0,1,1,1,0,0,0,3,0,0,0,0,0,0,0,0,0,0,0,0,0,0
Insecta,Coleoptera,Staphylinidae,Oxytelinae,Carpelimus,NA,Carpelimus sp.,0,0,0,0,0,0,0,0,0,0,0,0,0,0,0,0,0,1,0,0,0,0,0,0,0,0,0,0,0,0,0,0,0,0,0,0,0,0,0,0,0,0,0,0,0,0,0,0,0,0,0,0,0,0,0,0,0,0,0,0,0,0,0,0,0,0,0,0,0,0,0,0
Insecta,Coleoptera,Staphylinidae,Pselaphinae,Bibloporus,Bibloporus bicanalis,Bibloporus bicanalis,0,0,0,0,0,0,0,0,0,0,0,0,0,0,0,0,0,1,0,0,0,0,0,0,0,0,1,1,0,0,0,0,0,0,0,0,0,0,0,0,0,0,0,0,0,0,0,0,0,0,0,0,0,0,0,0,0,0,0,0,0,0,0,0,0,0,0,0,0,0,0,0
Insecta,Coleoptera,Staphylinidae,Staphylininae,Hesperus,Hesperus apicialis,Hesperus apicialis,0,0,0,0,0,0,0,0,0,0,0,0,0,0,0,0,0,1,0,0,0,0,0,0,1,1,0,0,0,0,1,1,1,0,3,0,0,1,1,0,1,0,2,0,1,0,3,0,2,2,0,0,0,2,7,0,0,4,4,2,0,0,0,0,0,0,4,3,0,1,3,1
Insecta,Coleoptera,Staphylinidae,Staphylininae,Quedius,NA,Quedius sp.,0,0,0,0,0,0,0,0,0,0,0,0,0,0,0,0,0,1,0,0,0,0,0,0,0,0,0,0,0,0,0,0,0,0,0,0,0,0,0,0,0,0,0,0,0,0,0,0,0,0,0,0,0,0,0,0,0,0,0,0,0,0,0,0,0,0,0,0,0,0,0,0
Insecta,Coleoptera,Buprestidae,Polycestinae,Acmaeodera,Acmaeodera tubulus,Acmaeodera tubulus,0,0,0,0,0,0,0,0,0,0,0,0,0,0,0,0,0,0,1,0,0,0,0,0,0,0,0,0,0,0,0,0,0,0,0,0,0,0,0,0,0,0,0,0,0,0,0,0,0,0,0,0,0,0,0,0,0,0,0,0,0,0,0,0,0,0,0,0,0,0,0,0
Insecta,Coleoptera,Byturidae,Byturinae,Byturus,Byturus unicolor,Byturus unicolor,0,0,0,0,0,0,0,0,0,0,0,0,0,0,0,0,0,0,1,0,0,0,0,0,0,0,0,0,0,0,0,0,0,0,0,0,0,0,0,0,0,0,0,0,0,0,0,0,0,0,0,0,0,0,0,0,0,0,0,0,0,0,0,0,0,0,0,0,0,0,0,0
Insecta,Coleoptera,Carabidae,Scaritinae,Dyschirius,Dyschirius globulosus,Dyschirius globulosus,0,0,0,0,0,0,0,0,0,0,0,0,0,0,0,0,0,0,1,0,0,0,0,0,0,0,0,0,0,0,0,0,0,0,0,0,0,0,0,0,0,0,0,0,0,0,0,0,0,0,0,0,0,0,0,0,0,0,0,0,0,0,0,0,0,0,0,0,0,0,0,0
Insecta,Coleoptera,Cerambycidae,Cerambycinae,Cyrtophorus,Cyrtophorus verrucosus,Cyrtophorus verrucosus,0,0,0,0,0,0,0,0,0,0,0,0,0,0,0,0,0,0,1,0,0,0,0,0,0,0,0,0,1,0,0,0,0,0,1,0,0,1,0,0,0,0,0,0,0,1,0,0,0,0,0,0,0,0,0,0,0,0,0,0,0,0,0,0,0,0,0,0,0,0,0,0
Insecta,Coleoptera,Cerambycidae,Cerambycinae,Molorchus,Molorchus bimaculatus,Molorchus bimaculatus,0,0,0,0,0,0,0,0,0,0,0,0,0,0,0,0,0,0,4,0,0,0,0,0,0,0,0,0,0,0,2,3,0,2,0,0,0,0,0,0,0,0,0,0,0,0,0,0,0,0,0,0,0,0,0,0,0,0,0,0,0,0,0,0,0,0,0,0,0,0,0,0
Insecta,Coleoptera,Curculionidae,Scolytinae,Cyclorhipidion,Cyclorhipidion bodoanum,Cyclorhipidion bodoanum,0,0,0,0,0,0,0,0,0,0,0,0,0,0,0,0,0,0,1,0,0,0,0,0,0,0,0,1,0,0,5,0,0,3,0,0,0,0,0,0,0,0,0,0,0,0,0,0,0,0,0,0,0,0,1,0,0,1,0,0,0,0,0,2,0,0,1,0,0,0,0,0
Insecta,Coleoptera,Elateridae,Dendrometrinae,Laneganus,Laneganus sulcicollis,Laneganus sulcicollis,0,0,0,0,0,0,0,0,0,0,0,0,0,0,0,0,0,0,1,0,0,0,0,0,0,1,0,0,0,0,0,0,0,0,0,2,0,0,0,0,0,0,0,0,0,1,0,0,1,0,0,0,0,0,0,0,0,0,0,0,0,0,0,0,0,0,0,0,0,0,0,0
Insecta,Coleoptera,Elateridae,Elaterinae,Ampedus,Ampedus areolatus,Ampedus areolatus,0,0,0,0,0,0,0,0,0,0,0,0,0,0,0,0,0,0,1,0,0,0,0,0,0,0,0,0,0,0,0,0,0,1,1,0,0,0,0,0,0,0,0,0,0,1,2,0,0,0,0,0,0,0,0,0,0,0,0,0,0,0,0,0,0,0,0,0,0,1,1,0
Insecta,Coleoptera,Elateridae,Elaterinae,Ampedus,Ampedus rubricollis,Ampedus rubricollis,0,0,0,0,0,0,0,0,0,0,0,0,0,0,0,0,0,0,1,0,0,0,0,0,0,0,0,0,0,0,0,0,0,0,0,1,0,0,0,0,0,0,0,0,1,0,0,0,0,0,0,0,0,0,0,0,0,0,0,0,0,0,0,0,0,0,0,0,0,0,0,0
Insecta,Coleoptera,Elateridae,Elaterinae,Melanotus,Melanotus testaceus,Melanotus testaceus,0,0,0,0,0,0,0,0,0,0,0,0,0,0,0,0,0,0,1,0,0,0,0,0,0,0,0,0,0,0,0,0,0,0,0,0,0,0,0,0,0,0,0,0,0,0,0,0,0,0,0,0,0,0,0,0,0,0,0,0,0,0,0,0,0,0,0,0,0,0,0,0
Insecta,Coleoptera,Laemophloeidae,NoSubfamily_Laemophloeidae,Laemophloeus,Laemophloeus biguttatus,Laemophloeus biguttatus,0,0,0,0,0,0,0,0,0,0,0,0,0,0,0,0,0,0,1,0,0,0,0,0,0,0,0,0,0,0,0,0,0,0,0,0,0,0,0,0,0,0,0,0,0,0,0,0,1,0,0,0,0,0,0,0,0,0,0,0,0,0,0,0,0,0,0,0,0,0,0,0
Insecta,Coleoptera,Melandryidae,Melandryinae,Hypulus,Hypulus simulator,Hypulus simulator,0,0,0,0,0,0,0,0,0,0,0,0,0,0,0,0,0,0,1,1,0,0,0,0,0,0,0,0,0,0,0,0,0,0,0,0,0,0,0,0,0,0,0,0,0,0,0,0,0,0,0,0,0,0,0,0,0,0,0,0,0,0,0,0,0,0,0,0,0,0,0,0
Insecta,Hemiptera,Rhyparochromidae,Rhyparochrominae,Pseudopachybrachius,Pseudopachybrachius basalis,Pseudopachybrachius basalis,0,0,0,0,0,0,0,0,0,0,0,0,0,0,0,0,0,0,1,0,0,0,0,0,0,0,0,0,0,0,0,0,0,0,0,0,0,0,0,0,0,0,0,0,0,0,0,0,0,0,0,0,0,0,0,0,0,0,0,0,0,0,0,0,0,0,0,0,0,0,0,0
Insecta,Hymenoptera,Tenthredinidae,NA,NA,NA,Sawfly,0,0,0,0,0,0,0,0,0,0,0,0,0,0,0,0,0,0,1,0,0,0,0,0,0,0,0,0,0,0,0,0,0,0,0,0,0,0,0,0,0,0,0,0,0,0,0,0,0,0,0,0,0,0,0,0,0,0,0,0,0,0,0,0,0,0,0,0,0,0,0,0
Insecta,Trichoptera,NA,NA,NA,NA,Caddisfly,0,0,0,0,0,0,0,0,0,0,0,0,0,0,0,0,0,0,1,0,0,0,0,0,0,0,0,0,0,0,0,0,1,1,0,0,0,0,0,0,2,3,0,0,0,0,0,0,1,0,0,0,0,1,0,0,0,0,0,0,0,0,1,0,0,0,0,0,0,0,0,0
Insecta,Coleoptera,Cerambycidae,Cerambycinae,Neoclytus,Neoclytus acuminatus,Neoclytus acuminatus,0,0,0,0,0,0,0,0,0,0,0,0,0,0,0,0,0,0,0,1,0,0,0,0,1,3,1,0,0,1,0,0,0,2,0,0,3,0,0,0,2,0,0,3,2,2,1,0,5,2,0,2,3,1,3,4,1,2,2,3,1,1,0,0,0,0,0,3,3,3,0,2
Insecta,Coleoptera,Cerambycidae,Lepturinae,Rhagium,Rhagium inquisitor,Rhagium inquisitor,0,0,0,0,0,0,0,0,0,0,0,0,0,0,0,0,0,0,0,4,0,0,1,1,0,0,0,0,0,0,0,0,0,0,0,0,0,0,0,0,1,0,0,1,0,0,0,0,0,0,0,0,0,0,0,0,0,0,1,0,0,0,0,0,0,0,0,0,0,0,0,0
Insecta,Coleoptera,Nitidulidae,Cillaeinae,Colopterus,Colopterus unicolor,Colopterus unicolor,0,0,0,0,0,0,0,0,0,0,0,0,0,0,0,0,0,0,0,1,0,0,0,0,0,0,0,0,0,0,0,0,0,0,0,0,0,0,0,0,0,0,0,0,0,0,0,0,0,0,0,0,0,0,0,0,0,0,0,0,0,0,0,0,0,0,0,0,0,0,0,0
Insecta,Hemiptera,Pentatomidae,Pentatominae,Chinavia,Chinavia hilaris,Chinavia hilaris,0,0,0,0,0,0,0,0,0,0,0,0,0,0,0,0,0,0,0,1,0,0,0,0,0,0,0,0,0,0,0,0,0,0,0,0,0,0,0,0,0,0,0,0,0,0,0,0,0,0,0,0,0,0,0,0,0,0,0,0,0,0,0,0,0,0,0,0,0,1,0,0
Insecta,Coleoptera,Aderidae,NoSubfamily_Aderidae,Syzeton,Syzeton subfasciatus,Syzeton subfasciatus,0,0,0,0,0,0,0,0,0,0,0,0,0,0,0,0,0,0,0,0,1,0,0,0,0,0,0,1,0,0,0,0,0,0,2,0,0,0,0,1,0,1,0,0,1,0,0,0,0,0,0,0,0,0,1,0,0,0,1,0,0,0,0,0,0,0,0,0,0,0,1,0
Insecta,Coleoptera,Coccinellidae,Scymninae,Didion,NA,Didion sp.,0,0,0,0,0,0,0,0,0,0,0,0,0,0,0,0,0,0,0,0,1,0,0,0,0,0,0,0,0,0,0,0,0,0,0,0,0,0,0,0,0,0,0,0,0,0,0,0,0,0,0,0,0,0,0,0,0,0,0,0,0,0,0,0,0,0,0,0,0,0,0,0
Insecta,Coleoptera,Elateridae,Cardiophorinae,Cardiophorus,Cardiophorus convexus,Cardiophorus convexus,0,0,0,0,0,0,0,0,0,0,0,0,0,0,0,0,0,0,0,0,1,0,0,0,0,0,0,0,0,0,0,0,0,0,0,0,0,0,0,0,0,0,1,0,0,0,0,0,0,0,0,0,0,0,0,1,0,0,0,0,0,0,0,0,0,0,0,0,0,0,0,1
Insecta,Coleoptera,Elateridae,Elaterinae,Ampedus,Ampedus semicinctus,Ampedus semicinctus,0,0,0,0,0,0,0,0,0,0,0,0,0,0,0,0,0,0,0,0,1,0,0,0,0,1,0,1,0,0,0,0,0,0,0,1,1,0,0,1,0,0,1,1,0,0,1,0,0,0,0,0,0,0,0,0,0,2,0,0,0,0,0,0,0,0,0,0,0,0,0,0
Insecta,Coleoptera,Zopheridae,Colydiinae,Namunaria,Namunaria guttulata,Namunaria guttulata,0,0,0,0,0,0,0,0,0,0,0,0,0,0,0,0,0,0,0,0,1,0,0,0,0,0,0,0,0,0,0,2,1,6,7,0,0,0,0,0,1,0,0,0,0,0,0,0,0,0,0,0,0,0,0,0,0,0,0,0,0,0,0,0,0,0,0,1,1,0,2,0
Insecta,Hymenoptera,Formicidae,NA,NA,NA,Ant,0,0,0,0,0,0,0,0,0,0,0,0,0,0,0,0,0,0,0,0,1,0,0,0,1,0,0,0,0,0,0,0,0,0,0,0,0,0,0,0,0,0,0,0,0,0,0,0,0,0,0,0,0,0,0,0,1,0,0,0,0,0,0,0,0,0,1,0,0,0,0,0
Insecta,Coleoptera,Carabidae,Harpalinae,Amphasia,Amphasia interstitialis,Amphasia interstitialis,0,0,0,0,0,0,0,0,0,0,0,0,0,0,0,0,0,0,0,0,0,1,1,1,0,0,0,0,0,0,0,0,0,0,0,0,0,0,0,0,0,0,0,0,0,0,0,0,0,0,0,0,0,0,0,0,0,0,0,0,0,0,0,0,0,0,0,0,0,0,0,0
Insecta,Coleoptera,Curculionidae,Scolytinae,Phloeotribus,Phloeotribus liminaris,Phloeotribus liminaris,0,0,0,0,0,0,0,0,0,0,0,0,0,0,0,0,0,0,0,0,0,2,0,1,0,0,0,1,0,1,0,0,0,0,0,0,0,0,0,0,0,0,0,0,0,0,0,0,0,0,0,0,0,0,0,0,0,2,0,0,0,0,0,0,0,0,0,0,0,0,0,0
Insecta,Coleoptera,Monotomidae,Rhizophaginae,Rhizophagus,Rhizophagus brunneus,Rhizophagus brunneus,0,0,0,0,0,0,0,0,0,0,0,0,0,0,0,0,0,0,0,0,0,1,0,0,0,0,0,0,0,0,0,0,0,0,2,0,0,0,0,0,0,0,0,0,0,0,0,0,0,0,0,0,0,0,0,0,0,0,0,0,0,0,0,0,0,0,0,0,0,0,0,0
Insecta,Coleoptera,Nitidulidae,Amphicrossinae,Amphicrossus,Amphicrossus ciliatus,Amphicrossus ciliatus,0,0,0,0,0,0,0,0,0,0,0,0,0,0,0,0,0,0,0,0,0,1,0,0,0,0,0,0,0,0,0,0,0,0,0,0,0,0,0,0,0,0,0,0,0,0,0,0,0,1,0,0,0,0,0,0,0,1,0,0,1,0,0,0,0,0,0,0,0,0,0,0
Insecta,Coleoptera,Nitidulidae,Meligethinae,Fabogethes,Fabogethes nigrescens,Fabogethes nigrescens,0,0,0,0,0,0,0,0,0,0,0,0,0,0,0,0,0,0,0,0,0,1,0,0,0,0,0,0,0,0,0,0,0,0,0,0,0,0,0,0,0,0,0,0,0,0,0,0,0,0,0,0,0,0,0,0,0,0,0,0,0,0,0,0,0,0,0,0,0,0,0,0
Insecta,Hemiptera,Aradidae,Aradinae,Aradus,Aradus robustus,Aradus robustus,0,0,0,0,0,0,0,0,0,0,0,0,0,0,0,0,0,0,0,0,0,1,0,0,0,0,0,0,0,0,0,0,0,0,0,0,0,0,0,0,0,0,0,0,0,0,0,0,0,0,0,0,0,0,0,0,0,0,0,0,0,0,0,0,0,0,0,0,0,0,0,0
Insecta,Hemiptera,Pentatomidae,Pentatominae,Brochymena,Brochymena arborea,Brochymena arborea,0,0,0,0,0,0,0,0,0,0,0,0,0,0,0,0,0,0,0,0,0,1,0,0,0,0,0,0,0,0,0,0,0,0,0,0,0,0,0,0,0,0,0,0,0,0,0,0,0,0,0,0,0,0,0,0,0,0,0,0,0,0,0,0,0,0,0,0,0,0,0,0
Insecta,Hemiptera,Tingidae,Tinginae,Corythucha,NA,Corythucha sp.,0,0,0,0,0,0,0,0,0,0,0,0,0,0,0,0,0,0,0,0,0,1,0,0,0,0,0,0,0,0,1,0,0,0,0,0,0,0,0,0,0,0,0,0,0,0,0,0,0,0,0,0,0,0,0,1,0,0,0,0,0,0,0,0,0,0,0,0,0,0,0,0
Insecta,Hymenoptera,Ichneumonidae,Ichneumoninae,Ichneumon,Ichneumon centrator,Ichneumon centrator,0,0,0,0,0,0,0,0,0,0,0,0,0,0,0,0,0,0,0,0,0,1,0,0,0,0,0,0,0,0,0,0,0,0,0,0,0,0,0,0,0,0,0,0,0,0,0,0,0,0,0,0,0,0,0,0,0,0,0,0,0,0,0,0,0,0,0,0,0,0,0,0
Arachnida,Opiliones,NA,NA,NA,NA,Harvestman,0,0,0,0,0,0,0,0,0,0,0,0,0,0,0,0,0,0,0,0,0,0,1,0,0,0,0,0,0,0,0,0,0,0,0,0,0,0,0,0,0,0,0,0,0,0,0,0,0,0,0,0,0,0,0,0,0,0,0,0,0,0,0,0,0,0,0,0,0,0,0,1
Insecta,Coleoptera,Curculionidae,Scolytinae,Hylesinus,Hylesinus criddlei,Hylesinus criddlei,0,0,0,0,0,0,0,0,0,0,0,0,0,0,0,0,0,0,0,0,0,0,2,0,0,0,0,0,0,0,0,0,0,0,0,0,0,0,0,0,0,0,0,0,0,0,0,0,0,0,0,0,0,0,0,0,0,0,0,0,0,0,0,0,0,0,0,0,0,0,0,0
Insecta,Coleoptera,Elateridae,Elaterinae,Melanotus,Melanotus americanus,Melanotus americanus,0,0,0,0,0,0,0,0,0,0,0,0,0,0,0,0,0,0,0,0,0,0,1,1,0,0,0,0,0,0,1,0,1,0,2,0,0,0,0,0,0,0,0,0,0,0,0,0,0,0,0,0,0,0,0,0,0,0,0,0,0,0,0,0,0,0,0,0,0,0,0,0
Insecta,Coleoptera,Mycetophagidae,Mycetophaginae,Litargus,Litargus balteatus,Litargus balteatus,0,0,0,0,0,0,0,0,0,0,0,0,0,0,0,0,0,0,0,0,0,0,2,0,0,0,0,0,0,0,0,0,0,0,0,0,0,0,0,0,0,0,1,0,0,0,0,0,0,0,0,0,0,0,0,0,0,0,0,0,0,0,0,0,0,0,0,0,0,0,0,0
Insecta,Coleoptera,Nitidulidae,Nitidulinae,Lobiopa,Lobiopa undulata,Lobiopa undulata,0,0,0,0,0,0,0,0,0,0,0,0,0,0,0,0,0,0,0,0,0,0,2,0,0,0,0,0,1,0,0,0,0,0,2,0,0,0,0,0,0,0,0,0,0,0,0,0,0,0,0,0,0,0,0,0,0,0,4,0,0,0,0,0,1,1,0,0,0,0,1,0
Insecta,Coleoptera,Carabidae,Harpalinae,Axinopalpus,Axinopalpus biplagiatus,Axinopalpus biplagiatus,0,0,0,0,0,0,0,0,0,0,0,0,0,0,0,0,0,0,0,0,0,0,0,1,0,0,0,0,0,0,0,0,0,0,0,0,0,0,0,0,0,0,0,0,0,0,0,0,0,0,0,0,0,0,0,0,0,0,0,0,0,0,0,0,0,0,0,0,0,0,0,0
Insecta,Coleoptera,Curculionidae,Entiminae,Cyrtepistomus,Cyrtepistomus castaneus,Cyrtepistomus castaneus,0,0,0,0,0,0,0,0,0,0,0,0,0,0,0,0,0,0,0,0,0,0,0,1,0,1,0,0,0,0,0,0,0,0,1,0,0,0,0,0,0,0,0,0,0,0,1,0,0,1,0,0,0,0,0,0,0,0,2,0,0,0,0,0,0,1,0,0,0,1,0,0
Insecta,Coleoptera,Curculionidae,Scolytinae,Ambrosiophilus,Ambrosiophilus atratus,Ambrosiophilus atratus,0,0,0,0,0,0,0,0,0,0,0,0,0,0,0,0,0,0,0,0,0,0,0,3,0,0,0,0,0,0,0,0,0,1,3,2,0,0,0,0,0,0,0,0,0,0,0,0,0,0,0,0,0,0,0,0,0,0,0,0,0,0,0,0,0,0,0,0,0,0,0,0
Insecta,Coleoptera,Scarabaeidae,Aphodiinae,Dialytellus,Dialytellus dialytoides,Dialytellus dialytoides,0,0,0,0,0,0,0,0,0,0,0,0,0,0,0,0,0,0,0,0,0,0,0,1,0,0,0,0,0,0,0,0,0,0,0,0,0,0,0,0,0,0,0,0,0,0,0,0,0,0,0,0,0,0,0,0,0,0,0,0,0,0,0,0,0,0,0,0,0,0,0,0
Insecta,Hemiptera,Psyllidae,NA,NA,NA,Green Psyllid nymph,0,0,0,0,0,0,0,0,0,0,0,0,0,0,0,0,0,0,0,0,0,0,0,1,0,0,0,0,0,0,0,0,0,2,0,0,0,0,0,0,0,0,0,0,0,0,0,0,0,0,0,0,0,0,0,0,0,0,0,0,0,0,0,0,0,0,0,0,0,1,0,0
Insecta,Coleoptera,Cerambycidae,Spondylidinae,Asemum,Asemum striatum,Asemum striatum,0,0,0,0,0,0,0,0,0,0,0,0,0,0,0,0,0,0,0,0,0,0,0,0,1,4,0,1,9,1,0,5,4,0,48,1,0,3,0,0,10,0,0,9,0,0,36,0,0,0,0,0,2,0,0,1,0,0,9,0,0,0,0,0,0,0,0,0,0,0,0,0
Insecta,Coleoptera,Cerylonidae,Ceryloninae,Cerylon,Cerylon unicolor,Cerylon unicolor,0,0,0,0,0,0,0,0,0,0,0,0,0,0,0,0,0,0,0,0,0,0,0,0,1,0,0,1,0,0,1,0,0,2,1,0,0,1,0,0,0,0,0,0,0,0,0,0,0,0,0,0,3,0,0,0,0,2,1,0,0,0,0,0,1,0,0,0,1,0,0,0
Insecta,Coleoptera,Cerylonidae,Ceryloninae,Philothermus,Philothermus glabriculus,Philothermus glabriculus,0,0,0,0,0,0,0,0,0,0,0,0,0,0,0,0,0,0,0,0,0,0,0,0,2,0,0,0,0,0,2,1,1,0,0,0,0,0,0,0,0,0,0,0,0,0,0,0,0,1,0,0,0,0,0,0,0,0,0,0,0,0,0,0,0,0,0,0,0,0,0,0
Insecta,Coleoptera,Ciidae,Ciinae,Cis,Cis creberrimus,Cis creberrimus,0,0,0,0,0,0,0,0,0,0,0,0,0,0,0,0,0,0,0,0,0,0,0,0,2,3,2,0,0,0,0,0,0,1,0,0,0,0,0,0,0,0,1,2,0,0,0,0,0,0,0,0,0,1,1,1,0,0,1,1,0,0,0,0,0,0,0,0,0,0,0,0
Insecta,Coleoptera,Corylophidae,Corylophinae,Orthoperus,Orthoperus scutellaris,Orthoperus scutellaris,0,0,0,0,0,0,0,0,0,0,0,0,0,0,0,0,0,0,0,0,0,0,0,0,7,14,3,3,1,8,2,0,0,1,0,0,2,2,10,0,0,1,0,0,0,0,0,0,1,3,0,1,1,1,0,0,0,1,0,0,0,1,1,0,0,1,0,0,0,0,0,0
Insecta,Coleoptera,Elateridae,Agrypninae,Lacon,Lacon auroratus,Lacon auroratus,0,0,0,0,0,0,0,0,0,0,0,0,0,0,0,0,0,0,0,0,0,0,0,0,1,0,0,0,0,0,0,0,0,0,0,0,0,0,0,0,0,0,0,0,0,0,0,0,0,0,0,0,0,0,0,0,0,0,0,0,0,0,0,0,0,0,0,0,0,0,0,0
Insecta,Coleoptera,Elateridae,Agrypninae,Lacon,Lacon discoideus,Lacon discoideus,0,0,0,0,0,0,0,0,0,0,0,0,0,0,0,0,0,0,0,0,0,0,0,0,5,3,0,0,0,0,4,0,1,0,0,0,1,1,0,0,0,0,0,0,1,0,0,0,0,1,0,0,0,0,0,0,0,1,0,0,0,0,0,0,0,1,0,0,0,0,0,0
Insecta,Coleoptera,Melandryidae,Melandryinae,Melandrya,Melandrya striata,Melandrya striata,0,0,0,0,0,0,0,0,0,0,0,0,0,0,0,0,0,0,0,0,0,0,0,0,1,2,0,0,1,0,0,0,0,1,1,0,0,0,0,0,0,1,2,0,1,4,1,0,0,0,0,0,0,0,0,0,0,0,0,0,0,0,0,0,0,0,0,0,0,0,0,0
Insecta,Coleoptera,Phalacridae,NA,NA,NA,Phalacridae gen. sp.,0,0,0,0,0,0,0,0,0,0,0,0,0,0,0,0,0,0,0,0,0,0,0,0,1,0,4,2,0,4,2,1,0,0,0,0,0,0,0,0,0,0,0,0,0,0,0,0,0,0,0,1,0,1,0,0,0,0,0,0,0,0,0,0,0,2,0,0,0,0,0,0
Insecta,Coleoptera,Scarabaeidae,Melolonthinae,Phyllophaga,Phyllophaga longispina,Phyllophaga longispina,0,0,0,0,0,0,0,0,0,0,0,0,0,0,0,0,0,0,0,0,0,0,0,0,1,0,1,0,2,1,0,0,0,0,0,0,0,0,0,1,0,0,0,0,0,0,0,0,0,0,0,0,0,0,0,0,0,0,0,0,0,0,0,0,0,0,0,0,0,0,0,0
Insecta,Coleoptera,Scraptiidae,Scraptiinae,Canifa,Canifa pallipes,Canifa pallipes,0,0,0,0,0,0,0,0,0,0,0,0,0,0,0,0,0,0,0,0,0,0,0,0,1,0,0,0,0,0,0,0,0,0,0,0,0,0,0,0,0,0,0,0,0,0,1,0,0,0,0,0,0,0,0,1,0,2,2,1,1,0,0,0,0,0,2,2,2,0,0,0
Insecta,Coleoptera,Staphylinidae,Tachyporinae,Coproporus,NA,Coproporus sp.,0,0,0,0,0,0,0,0,0,0,0,0,0,0,0,0,0,0,0,0,0,0,0,0,1,0,1,0,0,0,2,1,0,0,0,0,0,0,0,0,0,0,1,0,0,1,1,0,0,0,0,0,0,1,0,0,0,0,0,0,0,0,0,0,0,0,0,0,0,0,0,0
Insecta,Coleoptera,Throscidae,NoSubfamily_Throscidae,Aulonothroscus,NA,Aulonothroscus sp.,0,0,0,0,0,0,0,0,0,0,0,0,0,0,0,0,0,0,0,0,0,0,0,0,9,0,0,0,1,0,0,0,0,0,0,0,13,0,0,0,0,0,0,0,0,0,1,0,2,0,0,0,2,0,0,0,0,0,1,2,0,0,0,1,0,2,0,0,0,1,0,1
Insecta,Hemiptera,Pentatomidae,Pentatominae,Menecles,Menecles insertus,Menecles insertus,0,0,0,0,0,0,0,0,0,0,0,0,0,0,0,0,0,0,0,0,0,0,0,0,1,0,0,0,0,0,0,0,0,0,1,0,0,0,0,0,0,0,0,0,1,0,0,0,0,0,0,0,0,1,0,0,0,0,1,2,0,0,0,0,0,0,1,0,1,1,1,0
Insecta,Hymenoptera,Apidae,Apinae,Bombus,NA,Bombus sp.,0,0,0,0,0,0,0,0,0,0,0,0,0,0,0,0,0,0,0,0,0,0,0,0,2,0,0,0,0,0,0,0,0,1,0,1,0,0,0,0,0,0,0,0,0,0,0,0,0,0,0,0,0,0,0,0,0,0,0,4,0,0,0,0,0,0,0,0,0,0,1,1
Insecta,Hymenoptera,Xyelidae,NA,NA,NA,Xyelid sawfly,0,0,0,0,0,0,0,0,0,0,0,0,0,0,0,0,0,0,0,0,0,0,0,0,1,0,0,1,0,0,0,0,0,0,6,3,0,0,0,0,0,0,0,0,0,0,2,0,0,0,0,0,0,0,0,0,0,0,0,0,0,0,0,0,0,0,0,0,0,0,0,0
Insecta,Coleoptera,Carabidae,Trechinae,Mioptachys,Mioptachys flavicauda,Mioptachys flavicauda,0,0,0,0,0,0,0,0,0,0,0,0,0,0,0,0,0,0,0,0,0,0,0,0,0,1,0,0,0,0,0,0,0,0,0,0,1,3,1,0,0,0,0,1,0,0,1,0,0,1,0,2,2,0,0,2,0,0,0,0,0,0,0,0,1,0,0,0,0,0,0,0
Insecta,Coleoptera,Cerambycidae,Spondylidinae,Tetropium,Tetropium schwarzianum,Tetropium schwarzianum,0,0,0,0,0,0,0,0,0,0,0,0,0,0,0,0,0,0,0,0,0,0,0,0,0,1,0,0,1,0,0,1,0,0,1,0,0,0,0,0,2,0,0,1,0,0,5,0,0,1,0,0,1,0,0,0,0,0,5,0,0,0,0,0,1,0,0,0,0,0,3,0
Insecta,Coleoptera,Curculionidae,Scolytinae,Dryocoetes,Dryocoetes autographus,Dryocoetes autographus,0,0,0,0,0,0,0,0,0,0,0,0,0,0,0,0,0,0,0,0,0,0,0,0,0,25,0,0,4,0,0,0,0,0,7,1,0,24,0,0,3,0,0,0,0,0,11,0,1,7,0,0,1,0,0,1,0,0,11,0,0,4,0,0,0,0,0,0,0,0,13,0
Insecta,Coleoptera,Curculionidae,Scolytinae,Pseudopityophthorus,Pseudopityophthorus asperulus,Pseudopityophthorus asperulus,0,0,0,0,0,0,0,0,0,0,0,0,0,0,0,0,0,0,0,0,0,0,0,0,0,1,0,0,0,0,0,1,0,0,0,0,0,0,0,0,0,0,0,0,0,0,0,0,0,0,0,0,0,0,0,0,0,0,0,0,0,0,0,0,0,0,0,0,0,0,0,0
Insecta,Coleoptera,Histeridae,Histerinae,Hololepta,Hololepta aequalis,Hololepta aequalis,0,0,0,0,0,0,0,0,0,0,0,0,0,0,0,0,0,0,0,0,0,0,0,0,0,1,0,0,0,0,0,0,0,0,0,0,0,0,0,0,0,0,0,0,0,0,0,0,0,0,0,0,0,0,0,0,0,0,0,0,0,0,0,0,0,0,0,0,0,0,0,0
Insecta,Coleoptera,Tenebrionidae,Diaperinae,Diaperis,Diaperis maculata,Diaperis maculata,0,0,0,0,0,0,0,0,0,0,0,0,0,0,0,0,0,0,0,0,0,0,0,0,0,1,0,0,0,0,0,0,0,0,0,0,0,0,0,0,0,0,0,0,0,0,0,0,0,0,0,0,0,0,0,0,0,0,0,0,0,0,0,0,0,0,0,0,0,0,0,0
Insecta,Hymenoptera,NA,NA,NA,NA,Sawfly larva,0,0,0,0,0,0,0,0,0,0,0,0,0,0,0,0,0,0,0,0,0,0,0,0,0,1,0,0,0,0,0,0,0,0,0,0,0,0,0,0,0,0,0,0,0,0,0,0,0,0,0,0,0,0,0,0,0,0,0,0,0,0,0,0,0,0,0,0,0,0,0,0
Insecta,Coleoptera,Oedemeridae,Oedemerinae,Ischnomera,Ischnomera puncticollis,Ischnomera puncticollis,0,0,0,0,0,0,0,0,0,0,0,0,0,0,0,0,0,0,0,0,0,0,0,0,0,0,1,0,0,0,0,0,0,0,0,0,0,0,0,0,0,0,0,0,0,0,0,0,0,0,0,0,0,0,0,0,0,0,0,0,0,0,0,0,0,0,0,0,0,0,0,0
Insecta,Hymenoptera,Pompilidae,NA,NA,NA,Spider Wasp,0,0,0,0,0,0,0,0,0,0,0,0,0,0,0,0,0,0,0,0,0,0,0,0,0,0,1,0,0,0,0,0,0,0,0,0,0,1,0,0,0,0,0,0,0,0,0,0,1,0,0,0,0,0,1,0,0,0,0,0,0,2,2,0,0,0,2,0,0,0,0,1
Insecta,Coleoptera,Curculionidae,Scolytinae,Monarthrum,Monarthrum fasciatum,Monarthrum fasciatum,0,0,0,0,0,0,0,0,0,0,0,0,0,0,0,0,0,0,0,0,0,0,0,0,0,0,0,1,2,1,1,0,0,0,0,0,1,0,0,0,0,0,0,0,0,0,0,0,0,0,0,0,0,0,0,1,0,0,0,0,0,0,0,0,0,0,0,0,0,0,0,0
Insecta,Coleoptera,Elateridae,Dendrometrinae,Gambrinus,Gambrinus confusus,Gambrinus confusus,0,0,0,0,0,0,0,0,0,0,0,0,0,0,0,0,0,0,0,0,0,0,0,0,0,0,0,1,1,0,0,0,0,0,0,0,0,0,0,0,0,0,1,0,0,0,1,0,0,0,0,0,0,0,2,0,0,0,0,0,0,0,0,0,0,0,0,0,0,0,1,0
Insecta,Coleoptera,Elateridae,Elaterinae,Melanotus,Melanotus castanipes,Melanotus castanipes,0,0,0,0,0,0,0,0,0,0,0,0,0,0,0,0,0,0,0,0,0,0,0,0,0,0,0,1,3,0,1,2,0,1,0,0,0,0,0,0,2,0,0,1,0,0,1,0,2,2,0,0,1,0,0,0,0,0,2,0,0,0,0,0,0,0,0,0,0,0,1,0
Insecta,Coleoptera,Endomychidae,Danascelinae,Hadromychus,Hadromychus chandleri,Hadromychus chandleri,0,0,0,0,0,0,0,0,0,0,0,0,0,0,0,0,0,0,0,0,0,0,0,0,0,0,0,1,0,0,0,0,0,0,0,0,0,0,0,0,0,0,0,0,0,0,0,0,0,0,0,0,0,0,0,0,0,0,0,0,0,0,0,0,0,0,0,0,0,0,0,0
Insecta,Coleoptera,Eucnemidae,Melasinae,Melasis,Melasis pectinicornis,Melasis pectinicornis,0,0,0,0,0,0,0,0,0,0,0,0,0,0,0,0,0,0,0,0,0,0,0,0,0,0,0,1,0,0,0,0,0,0,0,0,0,0,0,0,0,0,0,0,0,0,0,0,0,0,0,0,0,0,0,0,0,0,0,0,0,0,0,0,0,0,0,0,0,0,0,0
Insecta,Coleoptera,Histeridae,Dendrophilinae,Paromalus,Paromalus teres,Paromalus teres,0,0,0,0,0,0,0,0,0,0,0,0,0,0,0,0,0,0,0,0,0,0,0,0,0,0,0,1,2,0,0,0,0,0,13,0,0,1,0,0,1,0,0,1,0,0,4,0,0,1,0,0,1,0,0,2,0,0,42,0,0,2,1,1,4,0,0,5,0,0,11,0
Insecta,Coleoptera,Histeridae,Histerinae,Platysoma,Platysoma coarctatum,Platysoma coarctatum,0,0,0,0,0,0,0,0,0,0,0,0,0,0,0,0,0,0,0,0,0,0,0,0,0,0,0,1,0,0,0,0,0,0,0,0,0,0,0,0,0,0,0,0,0,0,0,0,0,0,0,0,0,0,0,0,1,0,0,1,0,0,0,0,1,0,0,0,0,0,0,0
Insecta,Ephemeroptera,NA,NA,NA,NA,Mayfly,0,0,0,0,0,0,0,0,0,0,0,0,0,0,0,0,0,0,0,0,0,0,0,0,0,0,0,1,0,0,0,0,0,0,0,0,0,0,0,0,0,0,0,0,0,0,0,0,0,0,0,0,0,0,0,0,0,0,0,0,0,0,0,0,0,0,0,0,0,0,0,0
Insecta,Hymenoptera,NA,NA,NA,NA,Wasp,0,0,0,0,0,0,0,0,0,0,0,0,0,0,0,0,0,0,0,0,0,0,0,0,0,0,0,1,0,0,0,0,0,0,0,0,0,0,0,0,0,0,0,0,0,0,0,0,0,0,0,0,0,0,0,0,0,0,0,0,1,0,0,0,0,0,0,0,0,0,0,0
Insecta,Megaloptera,Corydalidae,Chauliodinae,Chauliodes,Chauliodes rastricornis,Chauliodes rastricornis,0,0,0,0,0,0,0,0,0,0,0,0,0,0,0,0,0,0,0,0,0,0,0,0,0,0,0,1,0,0,0,0,0,0,0,0,0,0,0,0,0,0,0,0,0,0,0,0,0,0,0,0,0,0,0,0,0,0,0,0,0,0,0,0,0,0,0,0,0,0,0,0
Insecta,Odonata,NA,NA,NA,NA,Damselfly,0,0,0,0,0,0,0,0,0,0,0,0,0,0,0,0,0,0,0,0,0,0,0,0,0,0,0,2,0,0,0,0,0,0,0,0,0,0,0,0,0,0,0,0,0,0,0,0,0,0,0,0,0,0,0,0,0,0,0,0,0,0,0,0,0,0,0,0,0,0,0,0
Insecta,Coleoptera,Carabidae,Harpalinae,Acupalpus,Acupalpus testaceus,Acupalpus testaceus,0,0,0,0,0,0,0,0,0,0,0,0,0,0,0,0,0,0,0,0,0,0,0,0,0,0,0,0,1,0,0,0,0,0,0,0,0,0,0,0,0,0,0,0,0,0,0,0,0,0,0,0,0,0,0,0,0,0,0,0,0,0,0,0,0,0,0,0,0,0,0,0
Insecta,Coleoptera,Curculionidae,Scolytinae,Orthotomicus,Orthotomicus latidens,Orthotomicus latidens,0,0,0,0,0,0,0,0,0,0,0,0,0,0,0,0,0,0,0,0,0,0,0,0,0,0,0,0,1,0,0,0,0,0,0,0,0,0,0,0,0,0,0,0,0,0,0,0,0,0,0,0,0,0,0,0,0,0,0,0,0,0,0,0,0,0,0,0,0,0,0,0
Insecta,Coleoptera,Latridiidae,Latridiinae,Enicmus,Enicmus aterrimus,Enicmus aterrimus,0,0,0,0,0,0,0,0,0,0,0,0,0,0,0,0,0,0,0,0,0,0,0,0,0,0,0,0,1,0,0,0,0,0,0,0,0,0,0,0,0,0,0,0,0,0,0,0,0,0,0,0,0,0,0,0,0,0,0,0,0,0,0,0,0,0,0,0,0,0,0,0
Insecta,Coleoptera,Passandridae,NoSubfamily_Passandridae,Catogenus,Catogenus rufus,Catogenus rufus,0,0,0,0,0,0,0,0,0,0,0,0,0,0,0,0,0,0,0,0,0,0,0,0,0,0,0,0,1,1,0,1,1,0,0,0,0,0,0,0,0,0,0,1,0,0,0,0,0,0,0,0,0,0,1,0,0,0,0,0,0,0,0,0,0,0,0,0,0,0,0,0
Insecta,Coleoptera,Staphylinidae,Pselaphinae,NA,NA,Pselaphinae gen. sp.,0,0,0,0,0,0,0,0,0,0,0,0,0,0,0,0,0,0,0,0,0,0,0,0,0,0,0,0,2,0,0,0,0,0,0,0,0,0,1,0,0,0,0,0,0,0,0,0,0,0,0,0,0,0,0,0,1,0,4,0,0,0,1,0,0,1,0,0,1,0,0,0
Insecta,Coleoptera,Staphylinidae,Staphylininae,Laetulonthus,Laetulonthus laetulus,Laetulonthus laetulus,0,0,0,0,0,0,0,0,0,0,0,0,0,0,0,0,0,0,0,0,0,0,0,0,0,0,0,0,1,0,0,0,0,0,1,0,0,0,0,0,1,0,0,0,0,0,0,0,0,0,0,0,0,0,0,0,0,0,0,0,0,0,0,0,0,0,0,0,0,0,0,0
Insecta,Coleoptera,Curculionidae,Scolytinae,Xyleborus,Xyleborus xylographus,Xyleborus xylographus,0,0,0,0,0,0,0,0,0,0,0,0,0,0,0,0,0,0,0,0,0,0,0,0,0,0,0,0,0,1,0,0,0,0,0,0,0,0,1,0,0,0,0,0,0,0,0,0,0,0,0,0,0,0,0,0,0,0,0,0,0,0,0,0,0,0,0,0,0,0,0,0
Insecta,Coleoptera,Curculionidae,Scolytinae,Hypothenemus,Hypothenemus dissimilis,Hypothenemus dissimilis,0,0,0,0,0,0,0,0,0,0,0,0,0,0,0,0,0,0,0,0,0,0,0,0,0,0,0,0,0,0,1,0,0,0,0,0,0,0,0,0,0,0,0,0,0,0,0,0,0,0,0,1,0,0,0,0,0,0,0,0,0,0,0,0,0,0,0,0,0,0,0,0
Insecta,Coleoptera,Curculionidae,Scolytinae,Pityophthorus,Pityophthorus lautus,Pityophthorus lautus,0,0,0,0,0,0,0,0,0,0,0,0,0,0,0,0,0,0,0,0,0,0,0,0,0,0,0,0,0,0,2,0,0,2,0,0,0,0,0,0,0,0,0,0,0,1,0,0,0,0,0,1,0,0,0,0,0,0,0,0,0,0,0,0,0,0,0,0,0,0,0,0
Insecta,Coleoptera,Dermestidae,Megatominae,Anthrenus,Anthrenus fuscus,Anthrenus fuscus,0,0,0,0,0,0,0,0,0,0,0,0,0,0,0,0,0,0,0,0,0,0,0,0,0,0,0,0,0,0,1,0,0,0,0,0,0,0,0,0,0,0,0,1,0,0,0,0,0,0,0,0,0,0,2,0,0,0,0,0,0,0,0,0,0,0,0,0,0,0,0,0
Insecta,Coleoptera,Elateridae,Elaterinae,Ampedus,Ampedus melanotoides,Ampedus melanotoides,0,0,0,0,0,0,0,0,0,0,0,0,0,0,0,0,0,0,0,0,0,0,0,0,0,0,0,0,0,0,1,0,0,0,0,0,0,0,0,0,0,0,0,1,3,0,0,0,2,0,1,0,2,0,0,2,0,1,0,0,2,1,1,0,1,1,1,2,0,0,1,0
Insecta,Coleoptera,Elateridae,Elaterinae,Ampedus,Ampedus oblessus,Ampedus oblessus,0,0,0,0,0,0,0,0,0,0,0,0,0,0,0,0,0,0,0,0,0,0,0,0,0,0,0,0,0,0,1,0,0,0,0,0,0,0,0,0,0,0,0,0,0,0,0,0,0,0,0,0,0,0,0,0,0,0,0,0,0,0,0,0,0,0,0,0,0,0,0,0
Insecta,Coleoptera,Elateridae,Elaterinae,Melanotus,Melanotus similis,Melanotus similis,0,0,0,0,0,0,0,0,0,0,0,0,0,0,0,0,0,0,0,0,0,0,0,0,0,0,0,0,0,0,1,0,0,0,0,0,0,0,0,0,0,0,0,0,0,0,2,0,0,0,0,0,0,1,0,2,0,0,3,0,0,0,0,0,0,0,5,1,0,0,0,0
Insecta,Coleoptera,Histeridae,Abraeinae,Teretrius,Teretrius latebricola,Teretrius latebricola,0,0,0,0,0,0,0,0,0,0,0,0,0,0,0,0,0,0,0,0,0,0,0,0,0,0,0,0,0,0,1,0,0,0,0,0,0,0,0,0,0,0,1,0,0,0,0,0,0,0,0,0,0,0,0,0,0,0,0,0,0,0,0,0,0,0,0,0,0,0,0,0
Insecta,Coleoptera,Melandryidae,Melandryinae,Orchesia,Orchesia ovata,Orchesia ovata,0,0,0,0,0,0,0,0,0,0,0,0,0,0,0,0,0,0,0,0,0,0,0,0,0,0,0,0,0,0,1,0,0,0,0,0,0,0,0,0,0,0,0,0,0,0,0,0,0,0,0,0,0,0,0,0,0,0,0,0,0,0,0,0,0,0,0,0,0,0,0,0
Insecta,Coleoptera,Ptinidae,Ptilininae,Ptilinus,Ptilinus ruficornis,Ptilinus ruficornis,0,0,0,0,0,0,0,0,0,0,0,0,0,0,0,0,0,0,0,0,0,0,0,0,0,0,0,0,0,0,1,0,0,0,0,0,0,0,1,0,0,0,7,2,0,0,0,0,0,0,0,0,0,0,2,0,0,0,0,0,0,0,0,0,0,0,0,0,0,0,0,0
Insecta,Coleoptera,Silvanidae,Silvaninae,Silvanus,NA,Silvanus sp.,0,0,0,0,0,0,0,0,0,0,0,0,0,0,0,0,0,0,0,0,0,0,0,0,0,0,0,0,0,0,1,0,0,0,2,0,0,0,0,0,0,0,0,0,0,0,0,0,0,0,0,0,0,0,0,1,0,0,0,0,0,0,0,0,0,0,0,0,0,0,0,0
Insecta,Coleoptera,Tenebrionidae,Alleculinae,Chromatia,Chromatia amoena,Chromatia amoena,0,0,0,0,0,0,0,0,0,0,0,0,0,0,0,0,0,0,0,0,0,0,0,0,0,0,0,0,0,0,1,0,0,0,0,0,0,0,0,0,0,0,0,0,0,0,0,0,0,0,0,0,0,0,0,0,0,0,0,0,0,0,0,0,0,0,0,0,0,0,0,0
Insecta,Coleoptera,Tenebrionidae,Lagriinae,Paratenetus,Paratenetus punctatus,Paratenetus punctatus,0,0,0,0,0,0,0,0,0,0,0,0,0,0,0,0,0,0,0,0,0,0,0,0,0,0,0,0,0,0,1,0,1,0,0,0,0,0,0,0,0,0,0,0,0,0,0,0,0,0,0,0,0,0,0,0,0,0,0,0,0,0,0,0,0,0,0,0,0,0,0,0
Insecta,Hemiptera,Anthocoridae,NA,NA,NA,Anthocoridae gen. sp.,0,0,0,0,0,0,0,0,0,0,0,0,0,0,0,0,0,0,0,0,0,0,0,0,0,0,0,0,0,0,1,0,0,0,0,0,0,0,0,0,0,0,0,0,0,0,0,0,0,0,0,0,0,0,0,0,0,0,0,0,0,0,0,0,0,0,0,0,0,0,0,0
Insecta,Hemiptera,Cydnidae,Amnestinae,Amnestus,NA,Amnestus sp.,0,0,0,0,0,0,0,0,0,0,0,0,0,0,0,0,0,0,0,0,0,0,0,0,0,0,0,0,0,0,1,0,0,0,0,0,0,0,0,0,0,0,0,0,0,0,0,0,0,0,0,0,0,0,0,0,0,0,0,0,0,0,0,0,0,0,0,0,0,0,0,0
Insecta,Coleoptera,Cerambycidae,Lepturinae,Acmaeops,Acmaeops proteus,Acmaeops proteus,0,0,0,0,0,0,0,0,0,0,0,0,0,0,0,0,0,0,0,0,0,0,0,0,0,0,0,0,0,0,0,1,0,0,0,0,0,0,0,0,0,0,0,0,0,0,0,0,0,0,0,0,0,0,0,0,0,0,0,0,0,0,0,0,0,0,0,0,0,0,0,0
Insecta,Coleoptera,Cerambycidae,Lepturinae,Trachysida,Trachysida mutabilis,Trachysida mutabilis,0,0,0,0,0,0,0,0,0,0,0,0,0,0,0,0,0,0,0,0,0,0,0,0,0,0,0,0,0,0,0,1,0,0,0,0,0,0,0,0,0,0,0,0,2,0,0,0,0,0,0,0,0,0,0,0,0,2,0,0,0,0,0,0,0,0,0,0,0,0,0,0
Insecta,Coleoptera,Curculionidae,Scolytinae,Hypothenemus,Hypothenemus interstitialis,Hypothenemus interstitialis,0,0,0,0,0,0,0,0,0,0,0,0,0,0,0,0,0,0,0,0,0,0,0,0,0,0,0,0,0,0,0,2,0,0,0,0,0,0,0,0,0,0,0,0,0,0,0,0,0,0,0,0,0,0,0,0,0,0,0,0,0,0,0,0,0,0,0,0,0,0,0,0
Insecta,Coleoptera,Laemophloeidae,NoSubfamily_Laemophloeidae,Placonotus,NA,Placonotus sp.,0,0,0,0,0,0,0,0,0,0,0,0,0,0,0,0,0,0,0,0,0,0,0,0,0,0,0,0,0,0,0,1,0,0,0,0,0,0,0,0,0,0,0,0,0,0,0,0,0,0,0,0,0,0,0,0,0,0,0,0,0,0,0,0,0,0,0,0,0,0,0,0
Insecta,Coleoptera,Ptinidae,Anobiinae,Hadrobregmus,Hadrobregmus notatus,Hadrobregmus notatus,0,0,0,0,0,0,0,0,0,0,0,0,0,0,0,0,0,0,0,0,0,0,0,0,0,0,0,0,0,0,0,1,1,0,0,1,1,0,1,1,0,0,0,0,0,0,1,0,0,0,0,0,1,0,0,0,0,0,0,0,0,0,0,0,0,0,0,0,0,0,0,0
Insecta,Coleoptera,Tenebrionidae,Tenebrioninae,Neatus,Neatus tenebroides,Neatus tenebroides,0,0,0,0,0,0,0,0,0,0,0,0,0,0,0,0,0,0,0,0,0,0,0,0,0,0,0,0,0,0,0,1,0,0,0,0,0,0,0,0,0,0,0,0,0,0,0,0,0,0,0,0,0,0,0,0,0,0,1,0,0,0,0,0,0,0,0,0,0,0,0,0
Insecta,Hemiptera,Rhyparochromidae,Rhyparochrominae,Eremocoris,Eremocoris borealis,Eremocoris borealis,0,0,0,0,0,0,0,0,0,0,0,0,0,0,0,0,0,0,0,0,0,0,0,0,0,0,0,0,0,0,0,1,0,0,0,0,0,0,0,0,0,0,0,0,0,0,0,0,0,0,0,0,0,0,0,0,0,0,0,0,0,0,0,0,0,0,0,0,0,0,0,0
Insecta,Hymenoptera,Crabronidae,Pemphredoninae,NA,NA,Pemphredoninae gen. sp.,0,0,0,0,0,0,0,0,0,0,0,0,0,0,0,0,0,0,0,0,0,0,0,0,0,0,0,0,0,0,0,1,0,0,0,0,0,0,0,0,0,0,0,0,0,0,0,0,0,0,0,0,0,0,0,0,0,0,0,0,0,0,0,0,0,0,0,0,0,0,0,0
Insecta,Coleoptera,Cantharidae,Cantharinae,Podabrus,Podabrus tricostatus,Podabrus tricostatus,0,0,0,0,0,0,0,0,0,0,0,0,0,0,0,0,0,0,0,0,0,0,0,0,0,0,0,0,0,0,0,0,1,0,0,0,0,0,0,0,0,0,0,0,0,0,0,0,0,0,0,0,0,0,0,0,0,0,0,0,0,0,0,0,0,0,0,0,0,0,0,0
Insecta,Coleoptera,Carabidae,Harpalinae,Amara,Amara familiaris,Amara familiaris,0,0,0,0,0,0,0,0,0,0,0,0,0,0,0,0,0,0,0,0,0,0,0,0,0,0,0,0,0,0,0,0,1,0,0,0,0,0,0,0,0,0,0,0,0,0,0,0,0,0,0,0,0,0,0,0,0,0,0,0,0,0,0,0,0,0,0,0,0,0,0,0
Insecta,Coleoptera,Chrysomelidae,Eumolpinae,Xanthonia,Xanthonia decemnotata,Xanthonia decemnotata,0,0,0,0,0,0,0,0,0,0,0,0,0,0,0,0,0,0,0,0,0,0,0,0,0,0,0,0,0,0,0,0,1,0,0,0,0,0,0,0,0,0,0,0,1,0,0,0,0,0,0,0,0,0,0,0,0,0,0,0,0,0,0,0,0,0,1,0,0,0,0,0
Insecta,Coleoptera,Scarabaeidae,Aphodiinae,Alloblackburneus,Alloblackburneus lentus,Alloblackburneus lentus,0,0,0,0,0,0,0,0,0,0,0,0,0,0,0,0,0,0,0,0,0,0,0,0,0,0,0,0,0,0,0,0,1,0,0,0,0,0,0,0,0,0,0,0,0,0,0,0,0,0,0,0,0,0,0,0,0,0,0,0,0,0,0,0,0,0,0,0,0,0,0,0
Insecta,Coleoptera,Sphindidae,Sphindinae,Sphindus,Sphindus americanus,Sphindus americanus,0,0,0,0,0,0,0,0,0,0,0,0,0,0,0,0,0,0,0,0,0,0,0,0,0,0,0,0,0,0,0,0,1,0,0,0,1,0,0,0,0,0,0,1,0,0,0,0,0,0,0,0,0,0,0,0,0,0,0,0,0,0,0,0,0,0,1,0,0,0,0,0
Insecta,Coleoptera,Anamorphidae,NoSubfamily_Anamorphidae,Symbiotes,NA,Symbiotes sp.,0,0,0,0,0,0,0,0,0,0,0,0,0,0,0,0,0,0,0,0,0,0,0,0,0,0,0,0,0,0,0,0,0,1,0,0,1,0,0,0,0,0,0,0,0,1,0,0,0,0,0,0,0,0,0,0,0,0,0,0,0,0,0,0,0,0,1,0,0,0,0,0
Insecta,Coleoptera,Cerambycidae,Lepturinae,Gaurotes,Gaurotes cyanipennis,Gaurotes cyanipennis,0,0,0,0,0,0,0,0,0,0,0,0,0,0,0,0,0,0,0,0,0,0,0,0,0,0,0,0,0,0,0,0,0,1,0,0,0,0,0,0,0,0,0,0,0,0,0,0,0,0,0,0,0,0,0,0,0,0,0,0,1,0,0,0,0,0,0,0,0,0,0,0
Insecta,Coleoptera,Curculionidae,Molytinae,Conotrachelus,Conotrachelus anaglypticus,Conotrachelus anaglypticus,0,0,0,0,0,0,0,0,0,0,0,0,0,0,0,0,0,0,0,0,0,0,0,0,0,0,0,0,0,0,0,0,0,1,0,0,0,0,0,0,0,0,0,0,0,0,0,0,0,0,0,0,0,0,0,0,0,0,0,0,0,0,0,0,0,0,0,0,0,0,1,0
Insecta,Coleoptera,Curculionidae,Scolytinae,Xylosandrus,Xylosandrus crassiusculus,Xylosandrus crassiusculus,0,0,0,0,0,0,0,0,0,0,0,0,0,0,0,0,0,0,0,0,0,0,0,0,0,0,0,0,0,0,0,0,0,80,209,0,0,0,0,0,0,0,0,0,0,8,12,0,0,0,0,0,0,0,0,0,0,8,17,0,0,0,0,0,0,0,0,0,0,9,4,0
Insecta,Coleoptera,Elateridae,Agrypninae,Lacon,Lacon marmoratus,Lacon marmoratus,0,0,0,0,0,0,0,0,0,0,0,0,0,0,0,0,0,0,0,0,0,0,0,0,0,0,0,0,0,0,0,0,0,1,0,0,0,0,0,0,0,0,0,0,0,0,0,0,0,0,0,0,0,0,0,0,0,0,0,0,0,0,0,0,0,0,0,0,0,0,0,0
Insecta,Coleoptera,Erotylidae,Erotylinae,Triplax,Triplax dissimulator,Triplax dissimulator,0,0,0,0,0,0,0,0,0,0,0,0,0,0,0,0,0,0,0,0,0,0,0,0,0,0,0,0,0,0,0,0,0,1,0,0,0,0,0,0,0,0,0,0,0,0,0,0,0,0,0,0,0,0,0,0,0,0,0,0,0,0,0,0,0,0,0,0,0,0,0,0
Insecta,Coleoptera,Histeridae,Histerinae,Platysoma,Platysoma gracile,Platysoma gracile,0,0,0,0,0,0,0,0,0,0,0,0,0,0,0,0,0,0,0,0,0,0,0,0,0,0,0,0,0,0,0,0,0,1,0,0,0,0,0,0,0,0,0,0,0,0,0,0,0,0,0,0,0,0,0,0,0,0,0,0,0,0,0,0,0,0,0,0,0,0,0,0
Insecta,Coleoptera,Histeridae,Histerinae,Platysoma,Platysoma leconti,Platysoma leconti,0,0,0,0,0,0,0,0,0,0,0,0,0,0,0,0,0,0,0,0,0,0,0,0,0,0,0,0,0,0,0,0,0,1,0,0,0,0,0,1,0,0,0,0,0,0,0,0,0,0,0,0,0,0,0,0,0,0,0,0,0,0,0,0,0,0,1,0,0,0,0,0
Insecta,Coleoptera,Monotomidae,Monotominae,Pycnotomina,Pycnotomina cavicolle,Pycnotomina cavicolle,0,0,0,0,0,0,0,0,0,0,0,0,0,0,0,0,0,0,0,0,0,0,0,0,0,0,0,0,0,0,0,0,0,1,0,0,0,0,0,0,0,0,0,0,0,1,0,0,0,0,0,1,0,0,0,0,0,0,1,0,0,0,0,1,0,0,0,0,0,0,0,0
Insecta,Coleoptera,Staphylinidae,Pselaphinae,Euplectus,NA,Euplectus sp.,0,0,0,0,0,0,0,0,0,0,0,0,0,0,0,0,0,0,0,0,0,0,0,0,0,0,0,0,0,0,0,0,0,1,2,0,0,0,0,0,0,0,0,0,0,0,0,0,0,0,0,0,0,0,0,0,0,0,0,0,0,0,0,0,0,0,0,0,0,0,0,0
Insecta,Coleoptera,Throscidae,NoSubfamily_Throscidae,Trixagus,Trixagus chevrolati,Trixagus chevrolati,0,0,0,0,0,0,0,0,0,0,0,0,0,0,0,0,0,0,0,0,0,0,0,0,0,0,0,0,0,0,0,0,0,1,1,1,0,0,0,0,0,0,0,0,0,0,1,0,0,0,0,0,0,0,0,0,0,0,1,0,0,0,0,0,0,1,0,0,0,0,0,0
Insecta,Hemiptera,Pentatomidae,Asopinae,Podisus,Podisus maculiventris,Podisus maculiventris,0,0,0,0,0,0,0,0,0,0,0,0,0,0,0,0,0,0,0,0,0,0,0,0,0,0,0,0,0,0,0,0,0,1,0,0,0,0,0,0,0,0,0,0,0,0,0,0,0,0,0,0,0,0,0,0,0,0,0,0,0,0,0,0,0,0,0,0,0,0,0,0
Insecta,Coleoptera,Cantharidae,Cantharinae,Atalantycha,Atalantycha bilineata,Atalantycha bilineata,0,0,0,0,0,0,0,0,0,0,0,0,0,0,0,0,0,0,0,0,0,0,0,0,0,0,0,0,0,0,0,0,0,0,1,0,0,0,0,0,0,0,0,0,0,0,0,0,0,0,0,0,0,0,0,0,0,0,0,0,0,0,0,0,0,0,0,0,0,0,0,0
Insecta,Coleoptera,Cantharidae,Cantharinae,Podabrus,NA,Podabrus sp.,0,0,0,0,0,0,0,0,0,0,0,0,0,0,0,0,0,0,0,0,0,0,0,0,0,0,0,0,0,0,0,0,0,0,1,0,0,0,0,0,0,0,0,0,0,0,0,0,0,0,0,0,0,0,0,0,0,0,0,0,0,0,0,0,0,0,0,0,0,0,0,0
Insecta,Coleoptera,Cantharidae,Silinae,Silis,NA,Silis sp.,0,0,0,0,0,0,0,0,0,0,0,0,0,0,0,0,0,0,0,0,0,0,0,0,0,0,0,0,0,0,0,0,0,0,1,0,0,0,0,0,0,0,0,0,0,0,0,0,0,0,0,0,0,0,0,0,0,0,0,0,0,0,0,0,0,0,0,0,0,0,0,0
Insecta,Coleoptera,Carabidae,Harpalinae,Cymindis,Cymindis platicollis,Cymindis platicollis,0,0,0,0,0,0,0,0,0,0,0,0,0,0,0,0,0,0,0,0,0,0,0,0,0,0,0,0,0,0,0,0,0,0,1,0,0,0,0,0,0,0,0,0,0,0,1,0,0,0,0,0,0,0,0,0,0,0,0,0,0,0,0,0,0,0,0,0,0,0,0,0
Insecta,Coleoptera,Chrysomelidae,Eumolpinae,Glyptoscelis,Glyptoscelis pubescens,Glyptoscelis pubescens,0,0,0,0,0,0,0,0,0,0,0,0,0,0,0,0,0,0,0,0,0,0,0,0,0,0,0,0,0,0,0,0,0,0,1,0,0,0,1,0,0,0,0,0,0,0,0,0,0,0,0,0,0,0,0,0,0,0,0,0,0,0,0,0,0,0,0,0,0,0,0,0
Insecta,Coleoptera,Ciidae,Ciinae,Cis,NA,Cis sp.,0,0,0,0,0,0,0,0,0,0,0,0,0,0,0,0,0,0,0,0,0,0,0,0,0,0,0,0,0,0,0,0,0,0,1,0,0,0,0,0,0,0,0,0,0,0,0,0,0,0,0,0,0,0,0,0,0,0,0,0,0,0,0,0,0,0,0,0,0,0,0,0
Insecta,Coleoptera,Curculionidae,Scolytinae,Pityophthorus,Pityophthorus opaculus,Pityophthorus opaculus,0,0,0,0,0,0,0,0,0,0,0,0,0,0,0,0,0,0,0,0,0,0,0,0,0,0,0,0,0,0,0,0,0,0,1,0,0,0,0,0,0,0,0,0,0,0,0,0,0,0,0,0,0,0,0,0,0,0,0,0,0,0,0,0,0,0,0,0,0,0,0,0
Insecta,Coleoptera,Erotylidae,Erotylinae,Triplax,Triplax frosti,Triplax frosti,0,0,0,0,0,0,0,0,0,0,0,0,0,0,0,0,0,0,0,0,0,0,0,0,0,0,0,0,0,0,0,0,0,0,1,0,0,0,0,0,0,0,0,0,0,0,0,0,0,0,0,0,0,0,0,0,0,0,0,0,0,0,0,0,0,0,0,0,0,0,0,0
Insecta,Coleoptera,Erotylidae,Xenoscelinae,Cryptophilus,Cryptophilus obliteratus,Cryptophilus obliteratus,0,0,0,0,0,0,0,0,0,0,0,0,0,0,0,0,0,0,0,0,0,0,0,0,0,0,0,0,0,0,0,0,0,0,2,0,0,0,0,0,0,0,0,0,0,0,0,0,0,0,0,0,0,0,0,0,0,0,0,0,0,0,0,0,0,0,0,0,0,0,0,0
Insecta,Coleoptera,Staphylinidae,Aleocharinae,Oligota,Oligota chrysopyga,Oligota chrysopyga,0,0,0,0,0,0,0,0,0,0,0,0,0,0,0,0,0,0,0,0,0,0,0,0,0,0,0,0,0,0,0,0,0,0,1,0,0,0,0,0,0,0,0,0,0,0,0,0,0,0,0,0,0,0,0,0,0,0,0,0,0,0,0,0,0,0,0,0,0,0,0,0
Insecta,Hemiptera,Miridae,NA,NA,NA,Miridae gen. sp.,0,0,0,0,0,0,0,0,0,0,0,0,0,0,0,0,0,0,0,0,0,0,0,0,0,0,0,0,0,0,0,0,0,0,1,0,0,0,0,0,0,0,0,0,0,0,0,0,0,0,1,0,0,0,0,0,0,0,2,1,0,0,0,0,0,1,0,0,0,0,1,0
Insecta,Hymenoptera,Pergidae,NA,NA,NA,Pergid sawfly,0,0,0,0,0,0,0,0,0,0,0,0,0,0,0,0,0,0,0,0,0,0,0,0,0,0,0,0,0,0,0,0,0,0,1,0,0,0,0,0,0,0,0,0,0,0,0,0,0,0,0,0,0,0,0,0,0,0,0,0,0,0,0,0,0,0,0,0,0,0,0,0
Insecta,Coleoptera,Monotomidae,Monotominae,Europs,Europs pallipennis,Europs pallipennis,0,0,0,0,0,0,0,0,0,0,0,0,0,0,0,0,0,0,0,0,0,0,0,0,0,0,0,0,0,0,0,0,0,0,0,1,0,0,0,0,0,0,0,0,0,0,0,0,0,0,0,0,0,0,0,0,0,0,0,0,0,0,0,0,0,0,0,0,0,0,0,0
Insecta,Coleoptera,Scarabaeidae,Scarabaeinae,Onthophagus,Onthophagus orpheus,Onthophagus orpheus,0,0,0,0,0,0,0,0,0,0,0,0,0,0,0,0,0,0,0,0,0,0,0,0,0,0,0,0,0,0,0,0,0,0,0,1,0,0,0,0,0,0,0,0,0,2,0,0,0,0,0,0,0,0,0,0,0,0,0,0,0,0,0,0,0,0,0,0,0,0,0,0
Insecta,Blattodea,NA,NA,NA,NA,Cockroach,0,0,0,0,0,0,0,0,0,0,0,0,0,0,0,0,0,0,0,0,0,0,0,0,0,0,0,0,0,0,0,0,0,0,0,0,1,0,0,0,0,0,0,1,0,0,0,0,1,0,1,0,0,0,1,0,0,0,0,0,0,0,0,0,0,0,0,0,1,1,0,0
Insecta,Coleoptera,Cantharidae,Malthininae,Malthodes,NA,Malthodes sp.,0,0,0,0,0,0,0,0,0,0,0,0,0,0,0,0,0,0,0,0,0,0,0,0,0,0,0,0,0,0,0,0,0,0,0,0,2,0,1,0,0,0,0,0,0,0,0,0,2,1,0,0,1,1,0,1,0,0,0,0,0,0,0,0,0,0,0,0,0,0,0,0
Insecta,Coleoptera,Cerambycidae,Lepturinae,Strangalepta,Strangalepta abbreviata,Strangalepta abbreviata,0,0,0,0,0,0,0,0,0,0,0,0,0,0,0,0,0,0,0,0,0,0,0,0,0,0,0,0,0,0,0,0,0,0,0,0,1,0,0,0,0,0,0,0,0,0,0,0,0,0,0,0,0,0,0,0,0,0,0,0,0,0,0,0,0,0,0,0,0,0,0,0
Insecta,Coleoptera,Eucnemidae,Melasinae,Isorhipis,Isorhipis obliqua,Isorhipis obliqua,0,0,0,0,0,0,0,0,0,0,0,0,0,0,0,0,0,0,0,0,0,0,0,0,0,0,0,0,0,0,0,0,0,0,0,0,1,0,1,0,0,0,1,0,1,0,0,0,1,0,0,3,0,7,3,1,6,2,1,9,1,0,1,2,0,6,4,0,3,5,0,10
Insecta,Coleoptera,Scarabaeidae,Melolonthinae,Dichelonyx,Dichelonyx canadensis,Dichelonyx canadensis,0,0,0,0,0,0,0,0,0,0,0,0,0,0,0,0,0,0,0,0,0,0,0,0,0,0,0,0,0,0,0,0,0,0,0,0,1,0,0,1,1,0,0,0,0,0,0,0,0,0,0,0,0,0,0,1,0,0,0,0,0,0,0,0,0,0,0,0,1,0,0,0
Insecta,Coleoptera,Staphylinidae,Mycetoporinae,Carphacis,Carphacis effrenatus,Carphacis effrenatus,0,0,0,0,0,0,0,0,0,0,0,0,0,0,0,0,0,0,0,0,0,0,0,0,0,0,0,0,0,0,0,0,0,0,0,0,1,0,0,0,0,0,0,0,0,0,0,0,0,0,0,0,0,0,0,0,0,0,0,0,0,0,0,0,0,0,0,0,0,0,0,0
Insecta,Coleoptera,Staphylinidae,Silphinae,Nicrophorus,Nicrophorus orbicollis,Nicrophorus orbicollis,0,0,0,0,0,0,0,0,0,0,0,0,0,0,0,0,0,0,0,0,0,0,0,0,0,0,0,0,0,0,0,0,0,0,0,0,1,0,0,0,0,1,0,0,0,0,0,0,8,0,0,0,0,0,0,0,0,0,0,0,0,0,0,10,0,0,0,0,0,0,0,0
Insecta,Hemiptera,Cicadellidae,NA,NA,NA,Leafhopper,0,0,0,0,0,0,0,0,0,0,0,0,0,0,0,0,0,0,0,0,0,0,0,0,0,0,0,0,0,0,0,0,0,0,0,0,1,0,0,0,0,0,0,0,0,0,0,0,0,0,0,1,0,0,0,0,1,0,0,0,0,0,0,0,0,0,0,0,0,0,0,0
Insecta,Coleoptera,Carabidae,Harpalinae,Cymindis,Cymindis limbata,Cymindis limbata,0,0,0,0,0,0,0,0,0,0,0,0,0,0,0,0,0,0,0,0,0,0,0,0,0,0,0,0,0,0,0,0,0,0,0,0,0,1,0,0,0,0,0,0,0,0,0,0,3,8,1,0,1,0,0,1,0,1,0,0,3,4,0,0,1,0,0,3,0,0,0,0
Insecta,Coleoptera,Carabidae,Harpalinae,Perigona,Perigona pallipennis,Perigona pallipennis,0,0,0,0,0,0,0,0,0,0,0,0,0,0,0,0,0,0,0,0,0,0,0,0,0,0,0,0,0,0,0,0,0,0,0,0,0,1,0,0,0,0,0,0,0,0,0,0,0,0,0,0,1,0,0,0,0,0,0,0,0,0,0,0,0,0,0,0,0,0,0,0
Insecta,Coleoptera,Curculionidae,Cossoninae,Himatium,Himatium errans,Himatium errans,0,0,0,0,0,0,0,0,0,0,0,0,0,0,0,0,0,0,0,0,0,0,0,0,0,0,0,0,0,0,0,0,0,0,0,0,0,2,0,0,1,0,0,0,0,0,0,0,0,2,0,0,0,0,0,2,0,1,2,0,0,0,0,1,0,0,0,2,0,0,1,0
Insecta,Coleoptera,Laemophloeidae,NoSubfamily_Laemophloeidae,Leptophloeus,Leptophloeus angustulus,Leptophloeus angustulus,0,0,0,0,0,0,0,0,0,0,0,0,0,0,0,0,0,0,0,0,0,0,0,0,0,0,0,0,0,0,0,0,0,0,0,0,0,1,0,0,0,0,0,0,0,0,0,0,0,0,0,0,0,0,0,0,0,0,0,0,0,1,0,0,0,0,0,0,0,0,0,0
Insecta,Coleoptera,Melandryidae,Melandryinae,Enchodes,Enchodes sericea,Enchodes sericea,0,0,0,0,0,0,0,0,0,0,0,0,0,0,0,0,0,0,0,0,0,0,0,0,0,0,0,0,0,0,0,0,0,0,0,0,0,1,0,0,0,0,0,0,0,0,0,0,0,0,0,0,0,0,0,0,0,0,0,0,0,0,0,0,0,0,0,0,0,1,0,0
Insecta,Coleoptera,Melandryidae,Melandryinae,Serropalpus,Serropalpus substriatus,Serropalpus substriatus,0,0,0,0,0,0,0,0,0,0,0,0,0,0,0,0,0,0,0,0,0,0,0,0,0,0,0,0,0,0,0,0,0,0,0,0,0,1,0,0,0,0,0,0,0,0,0,0,0,0,0,0,0,0,0,0,0,0,0,0,0,0,0,0,0,0,0,0,0,0,0,0
Insecta,Coleoptera,Staphylinidae,Osoriinae,Thoracophorus,Thoracophorus costalis,Thoracophorus costalis,0,0,0,0,0,0,0,0,0,0,0,0,0,0,0,0,0,0,0,0,0,0,0,0,0,0,0,0,0,0,0,0,0,0,0,0,0,1,0,0,0,0,0,0,0,0,0,0,1,0,0,1,0,1,0,0,0,3,0,0,0,0,0,0,0,0,1,0,0,0,0,0
Insecta,Coleoptera,Thymalidae,NoSubfamily_Thymalidae,Thymalus,Thymalus marginicollis,Thymalus marginicollis,0,0,0,0,0,0,0,0,0,0,0,0,0,0,0,0,0,0,0,0,0,0,0,0,0,0,0,0,0,0,0,0,0,0,0,0,0,1,0,0,0,0,0,0,0,0,0,0,0,0,0,0,0,0,0,0,0,0,0,0,0,0,0,0,0,0,0,0,0,1,0,0
Insecta,Coleoptera,Cantharidae,Cantharinae,Rhagonycha,NA,Rhagonycha sp.,0,0,0,0,0,0,0,0,0,0,0,0,0,0,0,0,0,0,0,0,0,0,0,0,0,0,0,0,0,0,0,0,0,0,0,0,0,0,1,0,0,0,0,0,0,0,0,0,0,0,0,0,0,0,0,0,0,0,0,0,0,1,0,0,0,0,0,0,0,0,0,0
Insecta,Coleoptera,Laemophloeidae,NoSubfamily_Laemophloeidae,Laemophloeus,Laemophloeus fasciatus,Laemophloeus fasciatus,0,0,0,0,0,0,0,0,0,0,0,0,0,0,0,0,0,0,0,0,0,0,0,0,0,0,0,0,0,0,0,0,0,0,0,0,0,0,1,0,0,0,0,0,1,0,0,0,0,0,0,0,0,0,0,0,0,0,0,0,0,0,0,0,0,0,0,0,0,0,0,0
Insecta,Coleoptera,Throscidae,NoSubfamily_Throscidae,Trixagus,Trixagus carinicollis,Trixagus carinicollis,0,0,0,0,0,0,0,0,0,0,0,0,0,0,0,0,0,0,0,0,0,0,0,0,0,0,0,0,0,0,0,0,0,0,0,0,0,0,1,0,0,0,0,0,0,0,0,0,0,0,0,0,0,0,0,0,0,0,0,0,0,0,0,0,0,0,0,0,0,0,0,0
Insecta,Coleoptera,Cerambycidae,Cerambycinae,Clytus,Clytus ruricola,Clytus ruricola,0,0,0,0,0,0,0,0,0,0,0,0,0,0,0,0,0,0,0,0,0,0,0,0,0,0,0,0,0,0,0,0,0,0,0,0,0,0,0,1,0,0,0,0,0,5,0,0,0,1,0,0,0,0,0,0,0,3,0,0,0,0,0,0,0,0,0,0,0,0,0,0
Insecta,Coleoptera,Curculionidae,Scolytinae,Crypturgus,Crypturgus alutaceus,Crypturgus alutaceus,0,0,0,0,0,0,0,0,0,0,0,0,0,0,0,0,0,0,0,0,0,0,0,0,0,0,0,0,0,0,0,0,0,0,0,0,0,0,0,1,0,0,0,0,1,0,0,0,0,0,0,1,0,0,0,0,1,0,1,0,0,0,0,0,0,0,0,0,0,0,0,0
Insecta,Coleoptera,Leiodidae,Cholevinae,Nemadus,Nemadus triangulum,Nemadus triangulum,0,0,0,0,0,0,0,0,0,0,0,0,0,0,0,0,0,0,0,0,0,0,0,0,0,0,0,0,0,0,0,0,0,0,0,0,0,0,0,0,1,0,0,0,0,0,0,0,0,0,0,0,0,0,0,0,0,0,0,0,0,0,0,0,0,0,0,0,0,0,0,0
Insecta,Coleoptera,Staphylinidae,Omaliinae,Lesteva,Lesteva pallipes,Lesteva pallipes,0,0,0,0,0,0,0,0,0,0,0,0,0,0,0,0,0,0,0,0,0,0,0,0,0,0,0,0,0,0,0,0,0,0,0,0,0,0,0,0,0,6,0,0,0,0,0,0,0,0,0,0,0,0,0,0,0,0,0,0,0,0,0,0,0,0,0,0,0,0,0,0
Insecta,Coleoptera,Carabidae,Harpalinae,Acupalpus,NA,Acupalpus sp.,0,0,0,0,0,0,0,0,0,0,0,0,0,0,0,0,0,0,0,0,0,0,0,0,0,0,0,0,0,0,0,0,0,0,0,0,0,0,0,0,0,0,1,0,0,0,0,0,0,0,0,0,0,0,0,0,0,0,0,0,0,0,0,0,0,0,0,0,0,0,0,0
Insecta,Coleoptera,Cerambycidae,Cerambycinae,Xylotrechus,Xylotrechus colonus,Xylotrechus colonus,0,0,0,0,0,0,0,0,0,0,0,0,0,0,0,0,0,0,0,0,0,0,0,0,0,0,0,0,0,0,0,0,0,0,0,0,0,0,0,0,0,0,1,0,0,0,0,0,2,0,0,0,0,0,1,0,0,1,2,0,0,0,0,0,0,0,0,0,0,0,0,0
Insecta,Coleoptera,Curculionidae,Curculioninae,Pseudanthonomus,Pseudanthonomus rufulus,Pseudanthonomus rufulus,0,0,0,0,0,0,0,0,0,0,0,0,0,0,0,0,0,0,0,0,0,0,0,0,0,0,0,0,0,0,0,0,0,0,0,0,0,0,0,0,0,0,1,0,0,0,0,0,0,0,0,0,0,0,0,0,0,0,0,0,0,0,0,0,0,0,0,0,0,0,0,0
Insecta,Coleoptera,Elateridae,Elaterinae,Ampedus,Ampedus laesus,Ampedus laesus,0,0,0,0,0,0,0,0,0,0,0,0,0,0,0,0,0,0,0,0,0,0,0,0,0,0,0,0,0,0,0,0,0,0,0,0,0,0,0,0,0,0,1,0,0,0,0,0,0,0,0,0,0,0,0,0,0,0,0,0,0,0,0,0,0,0,0,0,0,0,0,0
Insecta,Coleoptera,Staphylinidae,Staphylininae,Quedius,Quedius cruentus,Quedius cruentus,0,0,0,0,0,0,0,0,0,0,0,0,0,0,0,0,0,0,0,0,0,0,0,0,0,0,0,0,0,0,0,0,0,0,0,0,0,0,0,0,0,0,2,2,0,0,0,0,0,0,0,0,0,0,0,0,0,0,0,0,0,0,0,0,1,0,0,0,0,0,1,1
Insecta,Coleoptera,Stenotrachelidae,Cephaloinae,Cephaloon,Cephaloon lepturides,Cephaloon lepturides,0,0,0,0,0,0,0,0,0,0,0,0,0,0,0,0,0,0,0,0,0,0,0,0,0,0,0,0,0,0,0,0,0,0,0,0,0,0,0,0,0,0,1,0,0,0,0,0,0,0,0,0,0,0,0,0,0,0,0,0,0,0,0,0,0,0,0,0,0,0,0,0
Insecta,Coleoptera,Tenebrionidae,Alleculinae,Mycetochara,Mycetochara fraterna,Mycetochara fraterna,0,0,0,0,0,0,0,0,0,0,0,0,0,0,0,0,0,0,0,0,0,0,0,0,0,0,0,0,0,0,0,0,0,0,0,0,0,0,0,0,0,0,1,0,1,0,0,0,1,1,1,1,0,0,0,1,2,0,0,1,1,2,0,1,1,0,0,2,0,0,0,0
Insecta,Coleoptera,Zopheridae,Colydiinae,Synchita,Synchita fuliginosa,Synchita fuliginosa,0,0,0,0,0,0,0,0,0,0,0,0,0,0,0,0,0,0,0,0,0,0,0,0,0,0,0,0,0,0,0,0,0,0,0,0,0,0,0,0,0,0,1,0,0,0,0,0,0,0,0,0,0,0,3,1,0,0,1,0,0,0,0,0,0,0,0,0,1,1,0,0
Insecta,Lepidoptera,Nymphalidae,Nymphalinae,Nymphalis,Nymphalis antiopa,Nymphalis antiopa,0,0,0,0,0,0,0,0,0,0,0,0,0,0,0,0,0,0,0,0,0,0,0,0,0,0,0,0,0,0,0,0,0,0,0,0,0,0,0,0,0,0,1,0,0,0,0,0,0,0,0,0,0,0,0,0,0,0,0,0,0,0,0,0,0,0,0,0,0,0,0,0
Insecta,Neuroptera,Hemerobiidae,NA,NA,NA,Brown Lacewing,0,0,0,0,0,0,0,0,0,0,0,0,0,0,0,0,0,0,0,0,0,0,0,0,0,0,0,0,0,0,0,0,0,0,0,0,0,0,0,0,0,0,1,0,0,0,0,0,0,0,0,0,0,0,0,0,0,0,0,0,0,0,0,0,0,0,0,0,0,0,0,0
Insecta,Coleoptera,Curculionidae,Molytinae,Pachylobius,Pachylobius picivorus,Pachylobius picivorus,0,0,0,0,0,0,0,0,0,0,0,0,0,0,0,0,0,0,0,0,0,0,0,0,0,0,0,0,0,0,0,0,0,0,0,0,0,0,0,0,0,0,0,1,0,0,0,0,0,0,0,0,0,0,0,0,0,0,0,0,0,0,0,0,0,0,0,0,0,0,0,0
Insecta,Coleoptera,Elateridae,Elaterinae,Ampedus,Ampedus militaris,Ampedus militaris,0,0,0,0,0,0,0,0,0,0,0,0,0,0,0,0,0,0,0,0,0,0,0,0,0,0,0,0,0,0,0,0,0,0,0,0,0,0,0,0,0,0,0,1,0,0,1,0,0,0,0,0,0,0,0,0,0,0,0,0,0,0,0,0,0,0,0,0,0,0,0,0
Insecta,Coleoptera,Eucnemidae,Melasinae,Microrhagus,NA,Microrhagus sp.,0,0,0,0,0,0,0,0,0,0,0,0,0,0,0,0,0,0,0,0,0,0,0,0,0,0,0,0,0,0,0,0,0,0,0,0,0,0,0,0,0,0,0,1,0,0,0,0,0,0,0,0,0,1,2,0,0,1,0,0,0,0,1,0,1,0,0,0,0,2,0,0
Insecta,Coleoptera,Aderidae,NoSubfamily_Aderidae,Syzeton,Syzeton fasciatus,Syzeton fasciatus,0,0,0,0,0,0,0,0,0,0,0,0,0,0,0,0,0,0,0,0,0,0,0,0,0,0,0,0,0,0,0,0,0,0,0,0,0,0,0,0,0,0,0,0,2,0,0,0,0,0,0,0,0,0,0,0,0,0,0,0,0,0,0,0,0,0,0,1,3,0,0,0
Insecta,Coleoptera,Brachyceridae,Erirhininae,Tanysphyrus,Tanysphyrus lemnae,Tanysphyrus lemnae,0,0,0,0,0,0,0,0,0,0,0,0,0,0,0,0,0,0,0,0,0,0,0,0,0,0,0,0,0,0,0,0,0,0,0,0,0,0,0,0,0,0,0,0,1,0,0,0,0,0,0,0,0,0,0,0,0,0,0,0,0,0,0,0,0,0,0,0,0,0,0,0
Insecta,Coleoptera,Erotylidae,Erotylinae,Dacne,Dacne quadrimaculata,Dacne quadrimaculata,0,0,0,0,0,0,0,0,0,0,0,0,0,0,0,0,0,0,0,0,0,0,0,0,0,0,0,0,0,0,0,0,0,0,0,0,0,0,0,0,0,0,0,0,1,0,0,0,0,0,0,0,0,0,0,0,0,0,0,0,0,0,0,0,0,0,0,0,0,0,0,0
Insecta,Coleoptera,Tenebrionidae,Alleculinae,Capnochroa,Capnochroa fuliginosa,Capnochroa fuliginosa,0,0,0,0,0,0,0,0,0,0,0,0,0,0,0,0,0,0,0,0,0,0,0,0,0,0,0,0,0,0,0,0,0,0,0,0,0,0,0,0,0,0,0,0,1,0,0,0,0,0,0,0,0,0,0,2,2,0,2,0,0,1,0,0,0,0,1,0,3,0,1,0
Insecta,Coleoptera,Monotomidae,Rhizophaginae,Rhizophagus,Rhizophagus remotus,Rhizophagus remotus,0,0,0,0,0,0,0,0,0,0,0,0,0,0,0,0,0,0,0,0,0,0,0,0,0,0,0,0,0,0,0,0,0,0,0,0,0,0,0,0,0,0,0,0,0,1,0,0,0,0,0,0,0,0,0,0,0,0,0,1,0,0,0,0,0,0,0,0,0,0,0,0
Insecta,Coleoptera,Scarabaeidae,Melolonthinae,Nipponoserica,Nipponoserica peregrina,Nipponoserica peregrina,0,0,0,0,0,0,0,0,0,0,0,0,0,0,0,0,0,0,0,0,0,0,0,0,0,0,0,0,0,0,0,0,0,0,0,0,0,0,0,0,0,0,0,0,0,4,0,0,0,0,0,0,0,0,1,1,0,0,0,0,0,0,0,0,0,0,0,0,0,1,0,1
Insecta,Coleoptera,Scraptiidae,Anaspidinae,Anaspis,Anaspis rufa,Anaspis rufa,0,0,0,0,0,0,0,0,0,0,0,0,0,0,0,0,0,0,0,0,0,0,0,0,0,0,0,0,0,0,0,0,0,0,0,0,0,0,0,0,0,0,0,0,0,1,0,0,0,0,0,0,0,0,0,0,0,0,0,0,0,0,0,0,0,0,0,0,0,0,0,0
Insecta,Coleoptera,Dytiscidae,NA,NA,NA,Dytiscidae gen. sp.,0,0,0,0,0,0,0,0,0,0,0,0,0,0,0,0,0,0,0,0,0,0,0,0,0,0,0,0,0,0,0,0,0,0,0,0,0,0,0,0,0,0,0,0,0,0,1,0,0,0,0,0,0,0,0,0,0,0,0,0,0,0,0,0,0,0,0,0,0,0,0,0
Insecta,Coleoptera,Elateridae,Dendrometrinae,Hadromorphus,Hadromorphus inflatus,Hadromorphus inflatus,0,0,0,0,0,0,0,0,0,0,0,0,0,0,0,0,0,0,0,0,0,0,0,0,0,0,0,0,0,0,0,0,0,0,0,0,0,0,0,0,0,0,0,0,0,0,1,0,0,0,0,0,0,0,0,0,0,1,0,0,0,0,0,0,0,0,0,0,0,0,0,0
Insecta,Megaloptera,Sialidae,NA,NA,NA,Alderfly,0,0,0,0,0,0,0,0,0,0,0,0,0,0,0,0,0,0,0,0,0,0,0,0,0,0,0,0,0,0,0,0,0,0,0,0,0,0,0,0,0,0,0,0,0,0,1,0,0,0,0,0,0,0,0,0,0,0,0,0,0,0,0,0,0,0,0,0,0,0,0,0
NA,NA,NA,NA,NA,NA,NA,0,0,0,0,0,0,0,0,0,0,0,0,0,0,0,0,0,0,0,0,0,0,0,0,0,0,0,0,0,0,0,0,0,0,0,0,0,0,0,0,0,0,0,0,0,0,0,0,0,0,0,0,0,0,0,0,0,0,0,0,0,0,0,0,0,0,0,0,0,0,0,0
Insecta,Coleoptera,Cerambycidae,Lamiinae,Graphisurus,Graphisurus fasciatus,Graphisurus fasciatus,0,0,0,0,0,0,0,0,0,0,0,0,0,0,0,0,0,0,0,0,0,0,0,0,0,0,0,0,0,0,0,0,0,0,0,0,0,0,0,0,0,0,0,0,0,0,0,0,1,0,0,0,0,0,0,0,0,0,0,0,0,0,0,0,0,0,0,0,0,0,0,0
Insecta,Coleoptera,Curculionidae,Cossoninae,Stenoscelis,Stenoscelis brevis,Stenoscelis brevis,0,0,0,0,0,0,0,0,0,0,0,0,0,0,0,0,0,0,0,0,0,0,0,0,0,0,0,0,0,0,0,0,0,0,0,0,0,0,0,0,0,0,0,0,0,0,0,0,6,6,1,6,6,3,3,5,3,11,7,15,2,1,1,2,0,5,5,3,1,3,8,17
Insecta,Coleoptera,Pyrochroidae,Pyrochroinae,Dendroides,Dendroides canadensis,Dendroides canadensis,0,0,0,0,0,0,0,0,0,0,0,0,0,0,0,0,0,0,0,0,0,0,0,0,0,0,0,0,0,0,0,0,0,0,0,0,0,0,0,0,0,0,0,0,0,0,0,0,1,0,1,0,0,0,0,0,0,0,0,0,0,0,0,0,0,1,0,0,0,0,0,0
Insecta,Coleoptera,Tenebrionidae,Alleculinae,Hymenorus,NA,Hymenorus sp.,0,0,0,0,0,0,0,0,0,0,0,0,0,0,0,0,0,0,0,0,0,0,0,0,0,0,0,0,0,0,0,0,0,0,0,0,0,0,0,0,0,0,0,0,0,0,0,0,2,0,0,0,0,0,0,0,0,0,0,0,3,0,1,0,0,0,4,0,0,0,0,0
Insecta,Coleoptera,Tenebrionidae,Alleculinae,Isomira,NA,Isomira sp.,0,0,0,0,0,0,0,0,0,0,0,0,0,0,0,0,0,0,0,0,0,0,0,0,0,0,0,0,0,0,0,0,0,0,0,0,0,0,0,0,0,0,0,0,0,0,0,0,2,0,0,0,2,0,1,1,1,0,1,0,1,0,2,1,0,0,8,3,5,0,2,0
Insecta,Coleoptera,Tetratomidae,Penthinae,Penthe,Penthe pimelia,Penthe pimelia,0,0,0,0,0,0,0,0,0,0,0,0,0,0,0,0,0,0,0,0,0,0,0,0,0,0,0,0,0,0,0,0,0,0,0,0,0,0,0,0,0,0,0,0,0,0,0,0,1,0,0,0,0,0,0,0,0,0,0,0,0,0,0,0,0,1,0,0,0,0,0,0
Insecta,Coleoptera,Cerambycidae,Cerambycinae,Xylotrechus,Xylotrechus integer,Xylotrechus integer,0,0,0,0,0,0,0,0,0,0,0,0,0,0,0,0,0,0,0,0,0,0,0,0,0,0,0,0,0,0,0,0,0,0,0,0,0,0,0,0,0,0,0,0,0,0,0,0,0,1,0,0,0,0,0,0,0,0,1,0,0,1,0,0,1,0,0,0,0,0,0,0
Insecta,Coleoptera,Cerambycidae,Lamiinae,Microgoes,Microgoes oculatus,Microgoes oculatus,0,0,0,0,0,0,0,0,0,0,0,0,0,0,0,0,0,0,0,0,0,0,0,0,0,0,0,0,0,0,0,0,0,0,0,0,0,0,0,0,0,0,0,0,0,0,0,0,0,1,0,0,0,0,0,0,0,0,0,0,0,0,0,0,0,0,0,0,0,0,0,0
Insecta,Coleoptera,Cleridae,Epiphloeinae,Madoniella,Madoniella dislocata,Madoniella dislocata,0,0,0,0,0,0,0,0,0,0,0,0,0,0,0,0,0,0,0,0,0,0,0,0,0,0,0,0,0,0,0,0,0,0,0,0,0,0,0,0,0,0,0,0,0,0,0,0,0,1,1,2,3,0,0,3,0,1,4,1,0,0,0,1,2,0,4,0,0,0,17,0
Insecta,Coleoptera,Dryophthoridae,Dryophthorinae,Dryophthorus,Dryophthorus americanus,Dryophthorus americanus,0,0,0,0,0,0,0,0,0,0,0,0,0,0,0,0,0,0,0,0,0,0,0,0,0,0,0,0,0,0,0,0,0,0,0,0,0,0,0,0,0,0,0,0,0,0,0,0,0,1,1,0,0,1,0,1,0,4,5,9,0,0,0,2,1,4,0,1,1,2,5,7
Insecta,Coleoptera,Elateridae,Dendrometrinae,Athous,Athous brightwelli,Athous brightwelli,0,0,0,0,0,0,0,0,0,0,0,0,0,0,0,0,0,0,0,0,0,0,0,0,0,0,0,0,0,0,0,0,0,0,0,0,0,0,0,0,0,0,0,0,0,0,0,0,0,1,1,0,3,0,2,0,0,0,0,1,0,0,1,0,0,1,0,0,0,0,1,0
Insecta,Coleoptera,Ptinidae,Anobiinae,Oligomerus,NA,Oligomerus sp.,0,0,0,0,0,0,0,0,0,0,0,0,0,0,0,0,0,0,0,0,0,0,0,0,0,0,0,0,0,0,0,0,0,0,0,0,0,0,0,0,0,0,0,0,0,0,0,0,0,1,0,0,0,0,0,0,0,0,0,0,0,0,0,0,0,0,0,0,1,0,0,0
Insecta,Coleoptera,Tenebrionidae,Diaperinae,Corticeus,Corticeus thoracicus,Corticeus thoracicus,0,0,0,0,0,0,0,0,0,0,0,0,0,0,0,0,0,0,0,0,0,0,0,0,0,0,0,0,0,0,0,0,0,0,0,0,0,0,0,0,0,0,0,0,0,0,0,0,0,1,0,0,0,0,0,0,0,0,1,0,0,0,0,0,1,0,0,0,0,0,0,0
Insecta,Hemiptera,Cixiidae,NA,NA,NA,Cixiid Planthopper,0,0,0,0,0,0,0,0,0,0,0,0,0,0,0,0,0,0,0,0,0,0,0,0,0,0,0,0,0,0,0,0,0,0,0,0,0,0,0,0,0,0,0,0,0,0,0,0,0,1,0,0,0,0,0,0,0,0,0,0,0,0,0,0,0,0,0,0,0,0,0,0
Insecta,Hymenoptera,Vespidae,Polistinae,Polistes,Polistes fuscatus,Polistes fuscatus,0,0,0,0,0,0,0,0,0,0,0,0,0,0,0,0,0,0,0,0,0,0,0,0,0,0,0,0,0,0,0,0,0,0,0,0,0,0,0,0,0,0,0,0,0,0,0,0,0,1,0,0,0,0,0,0,0,0,0,0,0,0,0,0,0,0,0,0,0,0,0,0
Insecta,Coleoptera,Cleridae,Peloniinae,Chariessa,Chariessa pilosa,Chariessa pilosa,0,0,0,0,0,0,0,0,0,0,0,0,0,0,0,0,0,0,0,0,0,0,0,0,0,0,0,0,0,0,0,0,0,0,0,0,0,0,0,0,0,0,0,0,0,0,0,0,0,0,1,0,0,0,0,0,0,0,0,0,0,0,0,0,0,0,2,0,1,0,1,0
Insecta,Coleoptera,Melandryidae,Melandryinae,Microtonus,Microtonus sericans,Microtonus sericans,0,0,0,0,0,0,0,0,0,0,0,0,0,0,0,0,0,0,0,0,0,0,0,0,0,0,0,0,0,0,0,0,0,0,0,0,0,0,0,0,0,0,0,0,0,0,0,0,0,0,1,0,0,0,0,0,0,0,0,0,0,0,0,0,0,0,0,0,0,0,0,0
Insecta,Coleoptera,Melandryidae,Melandryinae,Serropalpus,Serropalpus coxalis,Serropalpus coxalis,0,0,0,0,0,0,0,0,0,0,0,0,0,0,0,0,0,0,0,0,0,0,0,0,0,0,0,0,0,0,0,0,0,0,0,0,0,0,0,0,0,0,0,0,0,0,0,0,0,0,1,0,0,0,0,0,0,0,0,0,0,0,0,0,0,0,0,0,0,0,0,0
Insecta,Coleoptera,Mordellidae,Mordellinae,Yakuhananomia,Yakuhananomia bidentata,Yakuhananomia bidentata,0,0,0,0,0,0,0,0,0,0,0,0,0,0,0,0,0,0,0,0,0,0,0,0,0,0,0,0,0,0,0,0,0,0,0,0,0,0,0,0,0,0,0,0,0,0,0,0,0,0,1,0,0,0,0,0,0,0,1,0,0,0,0,0,0,0,0,0,0,0,0,2
Insecta,Coleoptera,Staphylinidae,Scaphidiinae,Baeocera,NA,Baeocera sp.,0,0,0,0,0,0,0,0,0,0,0,0,0,0,0,0,0,0,0,0,0,0,0,0,0,0,0,0,0,0,0,0,0,0,0,0,0,0,0,0,0,0,0,0,0,0,0,0,0,0,1,0,0,0,0,0,0,0,0,0,0,0,0,0,0,0,0,0,0,0,0,0
Insecta,Coleoptera,Curculionidae,Cossoninae,Rhyncolus,Rhyncolus minor,Rhyncolus minor,0,0,0,0,0,0,0,0,0,0,0,0,0,0,0,0,0,0,0,0,0,0,0,0,0,0,0,0,0,0,0,0,0,0,0,0,0,0,0,0,0,0,0,0,0,0,0,0,0,0,0,1,0,0,0,0,0,0,0,0,0,0,0,0,0,0,0,0,0,0,0,0
Insecta,Coleoptera,Curculionidae,Scolytinae,Hypothenemus,Hypothenemus californicus,Hypothenemus californicus,0,0,0,0,0,0,0,0,0,0,0,0,0,0,0,0,0,0,0,0,0,0,0,0,0,0,0,0,0,0,0,0,0,0,0,0,0,0,0,0,0,0,0,0,0,0,0,0,0,0,0,1,0,0,0,0,0,0,0,0,0,0,0,0,0,0,0,0,0,0,0,0
Insecta,Coleoptera,Melandryidae,Melandryinae,Dircaea,Dircaea liturata,Dircaea liturata,0,0,0,0,0,0,0,0,0,0,0,0,0,0,0,0,0,0,0,0,0,0,0,0,0,0,0,0,0,0,0,0,0,0,0,0,0,0,0,0,0,0,0,0,0,0,0,0,0,0,0,2,0,0,0,0,0,1,0,0,0,1,2,0,0,0,0,0,0,0,0,0
Insecta,Coleoptera,Staphylinidae,Mycetoporinae,NA,NA,Mycetoporinae gen. sp.,0,0,0,0,0,0,0,0,0,0,0,0,0,0,0,0,0,0,0,0,0,0,0,0,0,0,0,0,0,0,0,0,0,0,0,0,0,0,0,0,0,0,0,0,0,0,0,0,0,0,0,1,0,0,0,0,0,0,0,0,0,0,0,0,0,0,0,0,0,0,0,0
Insecta,Coleoptera,Tenebrionidae,Alleculinae,Androchirus,Androchirus erythropus,Androchirus erythropus,0,0,0,0,0,0,0,0,0,0,0,0,0,0,0,0,0,0,0,0,0,0,0,0,0,0,0,0,0,0,0,0,0,0,0,0,0,0,0,0,0,0,0,0,0,0,0,0,0,0,0,1,0,1,2,0,0,0,0,0,0,1,0,0,1,0,1,0,0,0,0,1
Insecta,Coleoptera,Melandryidae,Melandryinae,Rushia,Rushia longula,Rushia longula,0,0,0,0,0,0,0,0,0,0,0,0,0,0,0,0,0,0,0,0,0,0,0,0,0,0,0,0,0,0,0,0,0,0,0,0,0,0,0,0,0,0,0,0,0,0,0,0,0,0,0,0,3,0,0,14,0,0,22,0,0,0,0,0,5,0,0,5,0,0,18,0
Insecta,Coleoptera,Tenebrionidae,Alleculinae,Mycetochara,Mycetochara binotata,Mycetochara binotata,0,0,0,0,0,0,0,0,0,0,0,0,0,0,0,0,0,0,0,0,0,0,0,0,0,0,0,0,0,0,0,0,0,0,0,0,0,0,0,0,0,0,0,0,0,0,0,0,0,0,0,0,1,0,0,0,0,0,0,1,0,0,0,0,0,0,0,0,0,0,0,0
Insecta,Hemiptera,NA,NA,NA,NA,Fulgoroid planthopper,0,0,0,0,0,0,0,0,0,0,0,0,0,0,0,0,0,0,0,0,0,0,0,0,0,0,0,0,0,0,0,0,0,0,0,0,0,0,0,0,0,0,0,0,0,0,0,0,0,0,0,0,1,0,0,0,0,0,0,0,0,0,0,0,0,0,0,0,0,0,1,0
Insecta,Coleoptera,Elateridae,Dendrometrinae,Athous,Athous rufifrons,Athous rufifrons,0,0,0,0,0,0,0,0,0,0,0,0,0,0,0,0,0,0,0,0,0,0,0,0,0,0,0,0,0,0,0,0,0,0,0,0,0,0,0,0,0,0,0,0,0,0,0,0,0,0,0,0,0,1,0,0,0,0,0,0,0,0,0,0,0,0,0,0,0,0,0,0
Insecta,Coleoptera,Hydrophilidae,Hydrophilinae,Hydrobius,Hydrobius fuscipes,Hydrobius fuscipes,0,0,0,0,0,0,0,0,0,0,0,0,0,0,0,0,0,0,0,0,0,0,0,0,0,0,0,0,0,0,0,0,0,0,0,0,0,0,0,0,0,0,0,0,0,0,0,0,0,0,0,0,0,1,0,0,0,0,0,0,0,0,0,0,0,0,0,0,0,0,0,0
Insecta,Coleoptera,Scirtidae,Scirtinae,Nyholmia,Nyholmia collaris,Nyholmia collaris,0,0,0,0,0,0,0,0,0,0,0,0,0,0,0,0,0,0,0,0,0,0,0,0,0,0,0,0,0,0,0,0,0,0,0,0,0,0,0,0,0,0,0,0,0,0,0,0,0,0,0,0,0,1,0,0,0,0,0,0,0,0,0,0,0,0,0,0,0,0,0,0
Insecta,Coleoptera,Tetratomidae,Eustrophinae,Eustrophopsis,Eustrophopsis bicolor,Eustrophopsis bicolor,0,0,0,0,0,0,0,0,0,0,0,0,0,0,0,0,0,0,0,0,0,0,0,0,0,0,0,0,0,0,0,0,0,0,0,0,0,0,0,0,0,0,0,0,0,0,0,0,0,0,0,0,0,1,0,0,0,0,0,0,0,0,0,0,0,0,0,0,0,0,0,0
Insecta,Coleoptera,Cerambycidae,Lepturinae,Judolia,Judolia cordifera,Judolia cordifera,0,0,0,0,0,0,0,0,0,0,0,0,0,0,0,0,0,0,0,0,0,0,0,0,0,0,0,0,0,0,0,0,0,0,0,0,0,0,0,0,0,0,0,0,0,0,0,0,0,0,0,0,0,0,1,0,0,0,0,0,0,0,0,0,1,0,0,1,0,0,0,0
Insecta,Coleoptera,Curculionidae,Scolytinae,Corthylus,Corthylus columbianus,Corthylus columbianus,0,0,0,0,0,0,0,0,0,0,0,0,0,0,0,0,0,0,0,0,0,0,0,0,0,0,0,0,0,0,0,0,0,0,0,0,0,0,0,0,0,0,0,0,0,0,0,0,0,0,0,0,0,0,1,0,0,0,0,0,0,1,0,1,1,0,0,1,1,0,2,0
Insecta,Coleoptera,Dermestidae,Megatominae,Trogoderma,NA,Trogoderma sp.,0,0,0,0,0,0,0,0,0,0,0,0,0,0,0,0,0,0,0,0,0,0,0,0,0,0,0,0,0,0,0,0,0,0,0,0,0,0,0,0,0,0,0,0,0,0,0,0,0,0,0,0,0,0,1,0,0,0,0,0,0,0,0,0,0,0,0,1,0,0,0,0
Insecta,Coleoptera,Elateridae,Elaterinae,Melanotus,Melanotus spadix,Melanotus spadix,0,0,0,0,0,0,0,0,0,0,0,0,0,0,0,0,0,0,0,0,0,0,0,0,0,0,0,0,0,0,0,0,0,0,0,0,0,0,0,0,0,0,0,0,0,0,0,0,0,0,0,0,0,0,2,0,0,0,0,0,0,0,0,0,0,0,0,0,0,0,0,0
Insecta,Coleoptera,Lampyridae,Lampyrinae,Lucidota,Lucidota atra,Lucidota atra,0,0,0,0,0,0,0,0,0,0,0,0,0,0,0,0,0,0,0,0,0,0,0,0,0,0,0,0,0,0,0,0,0,0,0,0,0,0,0,0,0,0,0,0,0,0,0,0,0,0,0,0,0,0,2,0,0,0,0,1,0,0,0,0,0,0,0,0,1,0,2,0
Insecta,Coleoptera,Melandryidae,Melandryinae,Anisoxya,Anisoxya glaucula,Anisoxya glaucula,0,0,0,0,0,0,0,0,0,0,0,0,0,0,0,0,0,0,0,0,0,0,0,0,0,0,0,0,0,0,0,0,0,0,0,0,0,0,0,0,0,0,0,0,0,0,0,0,0,0,0,0,0,0,1,1,0,0,0,0,0,0,0,0,0,0,0,0,0,0,0,0
Insecta,Coleoptera,Mordellidae,Mordellinae,Mordellaria,Mordellaria serval,Mordellaria serval,0,0,0,0,0,0,0,0,0,0,0,0,0,0,0,0,0,0,0,0,0,0,0,0,0,0,0,0,0,0,0,0,0,0,0,0,0,0,0,0,0,0,0,0,0,0,0,0,0,0,0,0,0,0,1,0,0,0,0,0,1,0,0,1,0,0,1,2,0,2,1,0
Insecta,Coleoptera,Mordellidae,Mordellinae,Mordellistena,Mordellistena trifasciata,Mordellistena trifasciata,0,0,0,0,0,0,0,0,0,0,0,0,0,0,0,0,0,0,0,0,0,0,0,0,0,0,0,0,0,0,0,0,0,0,0,0,0,0,0,0,0,0,0,0,0,0,0,0,0,0,0,0,0,0,1,0,0,0,0,0,0,0,1,0,0,0,4,0,0,0,0,0
Insecta,Coleoptera,Scarabaeidae,Melolonthinae,Maladera,Maladera formosae,Maladera formosae,0,0,0,0,0,0,0,0,0,0,0,0,0,0,0,0,0,0,0,0,0,0,0,0,0,0,0,0,0,0,0,0,0,0,0,0,0,0,0,0,0,0,0,0,0,0,0,0,0,0,0,0,0,0,1,0,0,7,0,2,0,0,0,0,0,0,0,0,0,0,0,0
Insecta,Coleoptera,Staphylinidae,Paederinae,NA,NA,Paederinae gen. sp.,0,0,0,0,0,0,0,0,0,0,0,0,0,0,0,0,0,0,0,0,0,0,0,0,0,0,0,0,0,0,0,0,0,0,0,0,0,0,0,0,0,0,0,0,0,0,0,0,0,0,0,0,0,0,1,0,0,0,0,0,0,0,0,0,0,0,0,0,0,0,0,0
Insecta,Coleoptera,Staphylinidae,Tachyporinae,NA,NA,Tachyporinae gen. sp.,0,0,0,0,0,0,0,0,0,0,0,0,0,0,0,0,0,0,0,0,0,0,0,0,0,0,0,0,0,0,0,0,0,0,0,0,0,0,0,0,0,0,0,0,0,0,0,0,0,0,0,0,0,0,1,0,0,0,0,0,0,0,0,0,0,0,0,0,0,0,0,0
Insecta,Coleoptera,Cerambycidae,Cerambycinae,Xylotrechus,Xylotrechus sagittatus,Xylotrechus sagittatus,0,0,0,0,0,0,0,0,0,0,0,0,0,0,0,0,0,0,0,0,0,0,0,0,0,0,0,0,0,0,0,0,0,0,0,0,0,0,0,0,0,0,0,0,0,0,0,0,0,0,0,0,0,0,0,1,0,0,0,0,0,0,0,0,0,0,0,3,0,0,0,0
Insecta,Coleoptera,Cleridae,Clerinae,Enoclerus,Enoclerus nigrifrons,Enoclerus nigrifrons,0,0,0,0,0,0,0,0,0,0,0,0,0,0,0,0,0,0,0,0,0,0,0,0,0,0,0,0,0,0,0,0,0,0,0,0,0,0,0,0,0,0,0,0,0,0,0,0,0,0,0,0,0,0,0,1,1,0,0,0,0,0,0,0,0,0,0,0,0,0,0,0
Insecta,Coleoptera,Eucnemidae,Melasinae,Hylis,Hylis terminalis,Hylis terminalis,0,0,0,0,0,0,0,0,0,0,0,0,0,0,0,0,0,0,0,0,0,0,0,0,0,0,0,0,0,0,0,0,0,0,0,0,0,0,0,0,0,0,0,0,0,0,0,0,0,0,0,0,0,0,0,1,0,0,0,0,1,0,0,0,0,2,1,1,0,0,0,0
Insecta,Coleoptera,Lucanidae,Syndesinae,Ceruchus,Ceruchus piceus,Ceruchus piceus,0,0,0,0,0,0,0,0,0,0,0,0,0,0,0,0,0,0,0,0,0,0,0,0,0,0,0,0,0,0,0,0,0,0,0,0,0,0,0,0,0,0,0,0,0,0,0,0,0,0,0,0,0,0,0,1,0,0,0,0,0,0,0,1,0,0,0,0,0,0,0,0
Insecta,Hemiptera,Reduviidae,Harpactorinae,Zelus,Zelus luridus,Zelus luridus,0,0,0,0,0,0,0,0,0,0,0,0,0,0,0,0,0,0,0,0,0,0,0,0,0,0,0,0,0,0,0,0,0,0,0,0,0,0,0,0,0,0,0,0,0,0,0,0,0,0,0,0,0,0,0,1,0,0,0,0,0,0,0,0,0,0,0,0,0,0,0,0
Insecta,Orthoptera,Gryllidae,NA,NA,NA,Tree Cricket,0,0,0,0,0,0,0,0,0,0,0,0,0,0,0,0,0,0,0,0,0,0,0,0,0,0,0,0,0,0,0,0,0,0,0,0,0,0,0,0,0,0,0,0,0,0,0,0,0,0,0,0,0,0,0,1,0,0,1,0,0,0,0,0,0,0,0,0,0,0,0,0
Insecta,Coleoptera,Mordellidae,Mordellinae,Mordellistena,NA,Mordellistena sp.,0,0,0,0,0,0,0,0,0,0,0,0,0,0,0,0,0,0,0,0,0,0,0,0,0,0,0,0,0,0,0,0,0,0,0,0,0,0,0,0,0,0,0,0,0,0,0,0,0,0,0,0,0,0,0,0,1,0,0,0,0,0,0,0,0,0,0,1,0,0,0,0
Insecta,Coleoptera,Nitidulidae,Cryptarchinae,Cryptarcha,Cryptarcha strigatula,Cryptarcha strigatula,0,0,0,0,0,0,0,0,0,0,0,0,0,0,0,0,0,0,0,0,0,0,0,0,0,0,0,0,0,0,0,0,0,0,0,0,0,0,0,0,0,0,0,0,0,0,0,0,0,0,0,0,0,0,0,0,1,0,0,0,0,0,0,0,0,0,0,0,0,0,0,0
Insecta,Coleoptera,Nitidulidae,Nitidulinae,Stelidota,Stelidota geminata,Stelidota geminata,0,0,0,0,0,0,0,0,0,0,0,0,0,0,0,0,0,0,0,0,0,0,0,0,0,0,0,0,0,0,0,0,0,0,0,0,0,0,0,0,0,0,0,0,0,0,0,0,0,0,0,0,0,0,0,0,1,1,0,0,0,0,0,0,0,0,0,0,0,0,0,0
Insecta,Coleoptera,Scirtidae,Scirtinae,Prionocyphon,Prionocyphon discoideus,Prionocyphon discoideus,0,0,0,0,0,0,0,0,0,0,0,0,0,0,0,0,0,0,0,0,0,0,0,0,0,0,0,0,0,0,0,0,0,0,0,0,0,0,0,0,0,0,0,0,0,0,0,0,0,0,0,0,0,0,0,0,1,0,0,0,0,0,0,0,0,0,0,0,0,0,0,0
Insecta,Coleoptera,Tenebrionidae,Alleculinae,Mycetochara,Mycetochara bicolor,Mycetochara bicolor,0,0,0,0,0,0,0,0,0,0,0,0,0,0,0,0,0,0,0,0,0,0,0,0,0,0,0,0,0,0,0,0,0,0,0,0,0,0,0,0,0,0,0,0,0,0,0,0,0,0,0,0,0,0,0,0,1,0,0,0,0,0,0,0,0,0,0,0,0,0,0,0
Insecta,Coleoptera,Cerambycidae,Lepturinae,Strangalia,Strangalia luteicornis,Strangalia luteicornis,0,0,0,0,0,0,0,0,0,0,0,0,0,0,0,0,0,0,0,0,0,0,0,0,0,0,0,0,0,0,0,0,0,0,0,0,0,0,0,0,0,0,0,0,0,0,0,0,0,0,0,0,0,0,0,0,0,1,0,0,0,0,0,0,0,0,0,0,0,0,0,0
Insecta,Coleoptera,Curculionidae,Cryptorhynchinae,Apteromechus,Apteromechus ferratus,Apteromechus ferratus,0,0,0,0,0,0,0,0,0,0,0,0,0,0,0,0,0,0,0,0,0,0,0,0,0,0,0,0,0,0,0,0,0,0,0,0,0,0,0,0,0,0,0,0,0,0,0,0,0,0,0,0,0,0,0,0,0,2,0,0,0,0,0,1,0,0,0,0,0,0,0,0
Insecta,Coleoptera,Elateridae,Dendrometrinae,Proludius,Proludius pyrros,Proludius pyrros,0,0,0,0,0,0,0,0,0,0,0,0,0,0,0,0,0,0,0,0,0,0,0,0,0,0,0,0,0,0,0,0,0,0,0,0,0,0,0,0,0,0,0,0,0,0,0,0,0,0,0,0,0,0,0,0,0,1,0,0,0,0,0,0,0,0,0,0,0,0,0,0
Insecta,Coleoptera,Leiodidae,Leiodinae,Anisotoma,Anisotoma obsoleta,Anisotoma obsoleta,0,0,0,0,0,0,0,0,0,0,0,0,0,0,0,0,0,0,0,0,0,0,0,0,0,0,0,0,0,0,0,0,0,0,0,0,0,0,0,0,0,0,0,0,0,0,0,0,0,0,0,0,0,0,0,0,0,1,0,0,0,0,0,0,0,0,0,0,0,0,0,0
Insecta,Coleoptera,Melandryidae,Melandryinae,Prothalpia,Prothalpia undata,Prothalpia undata,0,0,0,0,0,0,0,0,0,0,0,0,0,0,0,0,0,0,0,0,0,0,0,0,0,0,0,0,0,0,0,0,0,0,0,0,0,0,0,0,0,0,0,0,0,0,0,0,0,0,0,0,0,0,0,0,0,1,0,0,0,0,0,0,0,0,0,0,0,0,0,0
Insecta,Coleoptera,Mordellidae,Mordellinae,Tomoxia,Tomoxia lineella,Tomoxia lineella,0,0,0,0,0,0,0,0,0,0,0,0,0,0,0,0,0,0,0,0,0,0,0,0,0,0,0,0,0,0,0,0,0,0,0,0,0,0,0,0,0,0,0,0,0,0,0,0,0,0,0,0,0,0,0,0,0,1,0,0,0,0,0,0,0,0,0,2,0,2,1,0
Insecta,Coleoptera,Synchroidae,NoSubfamily_Synchroinae,Synchroa,Synchroa punctata,Synchroa punctata,0,0,0,0,0,0,0,0,0,0,0,0,0,0,0,0,0,0,0,0,0,0,0,0,0,0,0,0,0,0,0,0,0,0,0,0,0,0,0,0,0,0,0,0,0,0,0,0,0,0,0,0,0,0,0,0,0,1,0,1,0,0,0,0,0,1,0,1,0,1,0,0
Insecta,Coleoptera,Cerambycidae,Lamiinae,Monochamus,Monochamus scutellatus,Monochamus scutellatus,0,0,0,0,0,0,0,0,0,0,0,0,0,0,0,0,0,0,0,0,0,0,0,0,0,0,0,0,0,0,0,0,0,0,0,0,0,0,0,0,0,0,0,0,0,0,0,0,0,0,0,0,0,0,0,0,0,0,1,0,0,0,0,0,0,0,0,0,0,0,0,0
Insecta,Coleoptera,Curculionidae,Molytinae,Hylobius,Hylobius congener,Hylobius congener,0,0,0,0,0,0,0,0,0,0,0,0,0,0,0,0,0,0,0,0,0,0,0,0,0,0,0,0,0,0,0,0,0,0,0,0,0,0,0,0,0,0,0,0,0,0,0,0,0,0,0,0,0,0,0,0,0,0,1,0,0,0,0,0,0,0,0,0,0,0,0,0
Insecta,Coleoptera,Curculionidae,Scolytinae,Xyleborus,Xyleborus intrusus,Xyleborus intrusus,0,0,0,0,0,0,0,0,0,0,0,0,0,0,0,0,0,0,0,0,0,0,0,0,0,0,0,0,0,0,0,0,0,0,0,0,0,0,0,0,0,0,0,0,0,0,0,0,0,0,0,0,0,0,0,0,0,0,1,0,0,0,0,0,0,0,0,0,0,0,0,0
Insecta,Coleoptera,Elateridae,Agrypninae,Danosoma,Danosoma brevicorne,Danosoma brevicorne,0,0,0,0,0,0,0,0,0,0,0,0,0,0,0,0,0,0,0,0,0,0,0,0,0,0,0,0,0,0,0,0,0,0,0,0,0,0,0,0,0,0,0,0,0,0,0,0,0,0,0,0,0,0,0,0,0,0,1,0,0,0,0,0,0,0,0,0,0,0,0,0
Insecta,Coleoptera,Melyridae,Malachiinae,Attalus,NA,Attalus sp.,0,0,0,0,0,0,0,0,0,0,0,0,0,0,0,0,0,0,0,0,0,0,0,0,0,0,0,0,0,0,0,0,0,0,0,0,0,0,0,0,0,0,0,0,0,0,0,0,0,0,0,0,0,0,0,0,0,0,1,0,0,0,0,0,0,0,0,0,0,0,0,0
Insecta,Coleoptera,Ptinidae,Anobiinae,Priobium,Priobium sericeum,Priobium sericeum,0,0,0,0,0,0,0,0,0,0,0,0,0,0,0,0,0,0,0,0,0,0,0,0,0,0,0,0,0,0,0,0,0,0,0,0,0,0,0,0,0,0,0,0,0,0,0,0,0,0,0,0,0,0,0,0,0,0,1,0,0,0,1,0,0,0,0,0,2,0,1,0
Insecta,Coleoptera,Scirtidae,Scirtinae,Sacodes,Sacodes pulchella,Sacodes pulchella,0,0,0,0,0,0,0,0,0,0,0,0,0,0,0,0,0,0,0,0,0,0,0,0,0,0,0,0,0,0,0,0,0,0,0,0,0,0,0,0,0,0,0,0,0,0,0,0,0,0,0,0,0,0,0,0,0,0,1,0,0,0,0,0,0,0,0,0,0,0,0,0
Insecta,Coleoptera,Scirtidae,Scirtinae,Sacodes,Sacodes thoracica,Sacodes thoracica,0,0,0,0,0,0,0,0,0,0,0,0,0,0,0,0,0,0,0,0,0,0,0,0,0,0,0,0,0,0,0,0,0,0,0,0,0,0,0,0,0,0,0,0,0,0,0,0,0,0,0,0,0,0,0,0,0,0,1,0,0,0,0,0,0,0,0,0,0,0,0,0
Insecta,Hymenoptera,Siricidae,Siricinae,Urocerus,Urocerus albicornis,Urocerus albicornis,0,0,0,0,0,0,0,0,0,0,0,0,0,0,0,0,0,0,0,0,0,0,0,0,0,0,0,0,0,0,0,0,0,0,0,0,0,0,0,0,0,0,0,0,0,0,0,0,0,0,0,0,0,0,0,0,0,0,2,0,0,0,0,0,0,0,0,0,0,0,2,0
Insecta,Coleoptera,Cerambycidae,Lamiinae,Astylopsis,Astylopsis sexguttata,Astylopsis sexguttata,0,0,0,0,0,0,0,0,0,0,0,0,0,0,0,0,0,0,0,0,0,0,0,0,0,0,0,0,0,0,0,0,0,0,0,0,0,0,0,0,0,0,0,0,0,0,0,0,0,0,0,0,0,0,0,0,0,0,0,1,0,0,0,0,0,0,0,0,0,0,0,0
Insecta,Coleoptera,Cerambycidae,Lepturinae,Brachyleptura,Brachyleptura brevis,Brachyleptura brevis,0,0,0,0,0,0,0,0,0,0,0,0,0,0,0,0,0,0,0,0,0,0,0,0,0,0,0,0,0,0,0,0,0,0,0,0,0,0,0,0,0,0,0,0,0,0,0,0,0,0,0,0,0,0,0,0,0,0,0,1,0,0,1,0,0,0,0,0,0,0,0,0
Insecta,Coleoptera,Corylophidae,Corylophinae,Sericoderus,Sericoderus lateralis,Sericoderus lateralis,0,0,0,0,0,0,0,0,0,0,0,0,0,0,0,0,0,0,0,0,0,0,0,0,0,0,0,0,0,0,0,0,0,0,0,0,0,0,0,0,0,0,0,0,0,0,0,0,0,0,0,0,0,0,0,0,0,0,0,1,0,0,0,0,0,0,4,2,0,0,0,0
Insecta,Coleoptera,Laemophloeidae,NoSubfamily_Laemophloeidae,Lathropus,Lathropus robustulus,Lathropus robustulus,0,0,0,0,0,0,0,0,0,0,0,0,0,0,0,0,0,0,0,0,0,0,0,0,0,0,0,0,0,0,0,0,0,0,0,0,0,0,0,0,0,0,0,0,0,0,0,0,0,0,0,0,0,0,0,0,0,0,0,1,0,0,0,0,0,0,0,0,0,0,0,0
Insecta,Coleoptera,Lycidae,Erotinae,Erotides,Erotides sculptilis,Erotides sculptilis,0,0,0,0,0,0,0,0,0,0,0,0,0,0,0,0,0,0,0,0,0,0,0,0,0,0,0,0,0,0,0,0,0,0,0,0,0,0,0,0,0,0,0,0,0,0,0,0,0,0,0,0,0,0,0,0,0,0,0,1,0,0,0,0,0,0,0,0,0,0,0,0
Insecta,Coleoptera,Cerambycidae,Prioninae,Orthosoma,Orthosoma brunneum,Orthosoma brunneum,0,0,0,0,0,0,0,0,0,0,0,0,0,0,0,0,0,0,0,0,0,0,0,0,0,0,0,0,0,0,0,0,0,0,0,0,0,0,0,0,0,0,0,0,0,0,0,0,0,0,0,0,0,0,0,0,0,0,0,0,1,0,0,0,0,0,0,0,0,0,0,0
Insecta,Coleoptera,Elateridae,Dendrometrinae,Athous,Athous neacanthus,Athous neacanthus,0,0,0,0,0,0,0,0,0,0,0,0,0,0,0,0,0,0,0,0,0,0,0,0,0,0,0,0,0,0,0,0,0,0,0,0,0,0,0,0,0,0,0,0,0,0,0,0,0,0,0,0,0,0,0,0,0,0,0,0,2,1,1,3,1,2,0,0,0,0,0,0
Insecta,Coleoptera,Eucnemidae,Dromaeolinae,Onichodon,NA,Onichodon sp.,0,0,0,0,0,0,0,0,0,0,0,0,0,0,0,0,0,0,0,0,0,0,0,0,0,0,0,0,0,0,0,0,0,0,0,0,0,0,0,0,0,0,0,0,0,0,0,0,0,0,0,0,0,0,0,0,0,0,0,0,1,0,1,0,0,0,2,0,1,0,0,0
Insecta,Coleoptera,Tenebrionidae,Stenochiinae,Haplandrus,Haplandrus fulvipes,Haplandrus fulvipes,0,0,0,0,0,0,0,0,0,0,0,0,0,0,0,0,0,0,0,0,0,0,0,0,0,0,0,0,0,0,0,0,0,0,0,0,0,0,0,0,0,0,0,0,0,0,0,0,0,0,0,0,0,0,0,0,0,0,0,0,2,1,1,0,0,0,2,1,2,2,0,0
Insecta,Coleoptera,Tetratomidae,Penthinae,Penthe,Penthe obliquata,Penthe obliquata,0,0,0,0,0,0,0,0,0,0,0,0,0,0,0,0,0,0,0,0,0,0,0,0,0,0,0,0,0,0,0,0,0,0,0,0,0,0,0,0,0,0,0,0,0,0,0,0,0,0,0,0,0,0,0,0,0,0,0,0,1,0,0,0,0,0,0,0,0,0,0,0
Insecta,Hemiptera,Gerridae,NA,NA,NA,Gerridae gen. sp.,0,0,0,0,0,0,0,0,0,0,0,0,0,0,0,0,0,0,0,0,0,0,0,0,0,0,0,0,0,0,0,0,0,0,0,0,0,0,0,0,0,0,0,0,0,0,0,0,0,0,0,0,0,0,0,0,0,0,0,0,1,0,1,0,0,0,0,0,0,0,0,0
Insecta,Coleoptera,Cerambycidae,Lamiinae,Monochamus,Monochamus notatus,Monochamus notatus,0,0,0,0,0,0,0,0,0,0,0,0,0,0,0,0,0,0,0,0,0,0,0,0,0,0,0,0,0,0,0,0,0,0,0,0,0,0,0,0,0,0,0,0,0,0,0,0,0,0,0,0,0,0,0,0,0,0,0,0,0,1,0,0,0,0,0,0,0,0,0,0
Insecta,Coleoptera,Cerambycidae,Lepturinae,Etorofus,Etorofus deletus,Etorofus deletus,0,0,0,0,0,0,0,0,0,0,0,0,0,0,0,0,0,0,0,0,0,0,0,0,0,0,0,0,0,0,0,0,0,0,0,0,0,0,0,0,0,0,0,0,0,0,0,0,0,0,0,0,0,0,0,0,0,0,0,0,0,1,0,0,0,0,0,0,0,0,0,0
Insecta,Coleoptera,Dermestidae,Megatominae,Anthrenus,NA,Anthrenus sp.,0,0,0,0,0,0,0,0,0,0,0,0,0,0,0,0,0,0,0,0,0,0,0,0,0,0,0,0,0,0,0,0,0,0,0,0,0,0,0,0,0,0,0,0,0,0,0,0,0,0,0,0,0,0,0,0,0,0,0,0,0,1,0,0,0,0,0,0,0,0,0,0
Insecta,Coleoptera,Eucnemidae,Dromaeolinae,Dromaeolus,Dromaeolus cylindricollis,Dromaeolus cylindricollis,0,0,0,0,0,0,0,0,0,0,0,0,0,0,0,0,0,0,0,0,0,0,0,0,0,0,0,0,0,0,0,0,0,0,0,0,0,0,0,0,0,0,0,0,0,0,0,0,0,0,0,0,0,0,0,0,0,0,0,0,0,1,1,0,0,0,0,0,0,0,0,1
Insecta,Coleoptera,Ptinidae,Dorcatominae,Sculptotheca,Sculptotheca puberula,Sculptotheca puberula,0,0,0,0,0,0,0,0,0,0,0,0,0,0,0,0,0,0,0,0,0,0,0,0,0,0,0,0,0,0,0,0,0,0,0,0,0,0,0,0,0,0,0,0,0,0,0,0,0,0,0,0,0,0,0,0,0,0,0,0,0,1,0,0,0,0,1,0,1,1,1,2
Insecta,Coleoptera,Scarabaeidae,Rutelinae,Anomala,Anomala orientalis,Anomala orientalis,0,0,0,0,0,0,0,0,0,0,0,0,0,0,0,0,0,0,0,0,0,0,0,0,0,0,0,0,0,0,0,0,0,0,0,0,0,0,0,0,0,0,0,0,0,0,0,0,0,0,0,0,0,0,0,0,0,0,0,0,0,1,1,1,0,0,1,0,1,0,0,2
Insecta,Hemiptera,Microphysidae,Microphysinae,Mallochiola,Mallochiola gagates,Mallochiola gagates,0,0,0,0,0,0,0,0,0,0,0,0,0,0,0,0,0,0,0,0,0,0,0,0,0,0,0,0,0,0,0,0,0,0,0,0,0,0,0,0,0,0,0,0,0,0,0,0,0,0,0,0,0,0,0,0,0,0,0,0,0,1,1,0,0,0,1,1,1,0,0,0
Insecta,Hemiptera,Veliidae,Microveliinae,Microvelia,Microvelia albonotata,Microvelia albonotata,0,0,0,0,0,0,0,0,0,0,0,0,0,0,0,0,0,0,0,0,0,0,0,0,0,0,0,0,0,0,0,0,0,0,0,0,0,0,0,0,0,0,0,0,0,0,0,0,0,0,0,0,0,0,0,0,0,0,0,0,0,1,0,0,0,0,0,0,0,0,0,0
Insecta,Coleoptera,Curculionidae,Scolytinae,Lymantor,Lymantor decipiens,Lymantor decipiens,0,0,0,0,0,0,0,0,0,0,0,0,0,0,0,0,0,0,0,0,0,0,0,0,0,0,0,0,0,0,0,0,0,0,0,0,0,0,0,0,0,0,0,0,0,0,0,0,0,0,0,0,0,0,0,0,0,0,0,0,0,0,2,0,0,0,0,0,0,0,0,2
Insecta,Coleoptera,Eucnemidae,Melasinae,Entomophthalmus,Entomophthalmus rufiolus,Entomophthalmus rufiolus,0,0,0,0,0,0,0,0,0,0,0,0,0,0,0,0,0,0,0,0,0,0,0,0,0,0,0,0,0,0,0,0,0,0,0,0,0,0,0,0,0,0,0,0,0,0,0,0,0,0,0,0,0,0,0,0,0,0,0,0,0,0,1,0,0,0,0,0,0,0,0,1
Insecta,Coleoptera,Elateridae,Dendrometrinae,Athous,Athous cucullatus,Athous cucullatus,0,0,0,0,0,0,0,0,0,0,0,0,0,0,0,0,0,0,0,0,0,0,0,0,0,0,0,0,0,0,0,0,0,0,0,0,0,0,0,0,0,0,0,0,0,0,0,0,0,0,0,0,0,0,0,0,0,0,0,0,0,0,0,2,0,0,0,0,0,0,0,0
Insecta,Coleoptera,Elateridae,Dendrometrinae,Hemicrepidius,Hemicrepidius nemnonius,Hemicrepidius nemnonius,0,0,0,0,0,0,0,0,0,0,0,0,0,0,0,0,0,0,0,0,0,0,0,0,0,0,0,0,0,0,0,0,0,0,0,0,0,0,0,0,0,0,0,0,0,0,0,0,0,0,0,0,0,0,0,0,0,0,0,0,0,0,0,1,0,0,0,0,0,0,0,0
Insecta,Coleoptera,Hydrophilidae,NA,NA,NA,Hydrophilidae gen. sp.,0,0,0,0,0,0,0,0,0,0,0,0,0,0,0,0,0,0,0,0,0,0,0,0,0,0,0,0,0,0,0,0,0,0,0,0,0,0,0,0,0,0,0,0,0,0,0,0,0,0,0,0,0,0,0,0,0,0,0,0,0,0,0,1,0,0,0,0,0,0,0,0
Insecta,Coleoptera,Staphylinidae,Silphinae,Necrophila,Necrophila americana,Necrophila americana,0,0,0,0,0,0,0,0,0,0,0,0,0,0,0,0,0,0,0,0,0,0,0,0,0,0,0,0,0,0,0,0,0,0,0,0,0,0,0,0,0,0,0,0,0,0,0,0,0,0,0,0,0,0,0,0,0,0,0,0,0,0,0,3,0,0,0,0,0,0,0,0
Insecta,Coleoptera,Staphylinidae,Silphinae,Nicrophorus,Nicrophorus hebes,Nicrophorus hebes,0,0,0,0,0,0,0,0,0,0,0,0,0,0,0,0,0,0,0,0,0,0,0,0,0,0,0,0,0,0,0,0,0,0,0,0,0,0,0,0,0,0,0,0,0,0,0,0,0,0,0,0,0,0,0,0,0,0,0,0,0,0,0,1,0,0,0,0,0,0,0,0
Insecta,Coleoptera,Staphylinidae,Silphinae,Nicrophorus,Nicrophorus tomentosus,Nicrophorus tomentosus,0,0,0,0,0,0,0,0,0,0,0,0,0,0,0,0,0,0,0,0,0,0,0,0,0,0,0,0,0,0,0,0,0,0,0,0,0,0,0,0,0,0,0,0,0,0,0,0,0,0,0,0,0,0,0,0,0,0,0,0,0,0,0,14,0,0,0,0,0,0,0,0
Insecta,Coleoptera,Staphylinidae,Silphinae,Oiceoptoma,Oiceoptoma noveboracense,Oiceoptoma noveboracense,0,0,0,0,0,0,0,0,0,0,0,0,0,0,0,0,0,0,0,0,0,0,0,0,0,0,0,0,0,0,0,0,0,0,0,0,0,0,0,0,0,0,0,0,0,0,0,0,0,0,0,0,0,0,0,0,0,0,0,0,0,0,0,2,0,0,0,0,0,0,0,0
Insecta,Coleoptera,Staphylinidae,Staphylininae,Philonthus,Philonthus caeruleipennis,Philonthus caeruleipennis,0,0,0,0,0,0,0,0,0,0,0,0,0,0,0,0,0,0,0,0,0,0,0,0,0,0,0,0,0,0,0,0,0,0,0,0,0,0,0,0,0,0,0,0,0,0,0,0,0,0,0,0,0,0,0,0,0,0,0,0,0,0,0,4,0,0,0,0,0,0,0,0
Insecta,Coleoptera,Anthribidae,Choraginae,Euxenus,Euxenus punctatus,Euxenus punctatus,0,0,0,0,0,0,0,0,0,0,0,0,0,0,0,0,0,0,0,0,0,0,0,0,0,0,0,0,0,0,0,0,0,0,0,0,0,0,0,0,0,0,0,0,0,0,0,0,0,0,0,0,0,0,0,0,0,0,0,0,0,0,0,0,0,4,0,0,0,0,0,0
Insecta,Coleoptera,Eucnemidae,Dromaeolinae,Nematodes,Nematodes penetrans,Nematodes penetrans,0,0,0,0,0,0,0,0,0,0,0,0,0,0,0,0,0,0,0,0,0,0,0,0,0,0,0,0,0,0,0,0,0,0,0,0,0,0,0,0,0,0,0,0,0,0,0,0,0,0,0,0,0,0,0,0,0,0,0,0,0,0,0,0,0,1,0,0,0,0,0,0
Insecta,Coleoptera,Cupedidae,Cupedinae,Cupes,Cupes capitatus,Cupes capitatus,0,0,0,0,0,0,0,0,0,0,0,0,0,0,0,0,0,0,0,0,0,0,0,0,0,0,0,0,0,0,0,0,0,0,0,0,0,0,0,0,0,0,0,0,0,0,0,0,0,0,0,0,0,0,0,0,0,0,0,0,0,0,0,0,0,0,1,0,0,0,0,0
Insecta,Coleoptera,Elateridae,Elaterinae,Ampedus,Ampedus fuscatus,Ampedus fuscatus,0,0,0,0,0,0,0,0,0,0,0,0,0,0,0,0,0,0,0,0,0,0,0,0,0,0,0,0,0,0,0,0,0,0,0,0,0,0,0,0,0,0,0,0,0,0,0,0,0,0,0,0,0,0,0,0,0,0,0,0,0,0,0,0,0,0,1,0,0,0,0,0
Insecta,Coleoptera,Lycidae,Erotinae,Eropterus,Eropterus trilineatus,Eropterus trilineatus,0,0,0,0,0,0,0,0,0,0,0,0,0,0,0,0,0,0,0,0,0,0,0,0,0,0,0,0,0,0,0,0,0,0,0,0,0,0,0,0,0,0,0,0,0,0,0,0,0,0,0,0,0,0,0,0,0,0,0,0,0,0,0,0,0,0,1,0,0,0,0,0
Insecta,Coleoptera,Mordellidae,Mordellinae,Conalia,Conalia helva,Conalia helva,0,0,0,0,0,0,0,0,0,0,0,0,0,0,0,0,0,0,0,0,0,0,0,0,0,0,0,0,0,0,0,0,0,0,0,0,0,0,0,0,0,0,0,0,0,0,0,0,0,0,0,0,0,0,0,0,0,0,0,0,0,0,0,0,0,0,1,1,0,0,0,0
Insecta,Coleoptera,Melandryidae,Melandryinae,Symphora,Symphora rugosa,Symphora rugosa,0,0,0,0,0,0,0,0,0,0,0,0,0,0,0,0,0,0,0,0,0,0,0,0,0,0,0,0,0,0,0,0,0,0,0,0,0,0,0,0,0,0,0,0,0,0,0,0,0,0,0,0,0,0,0,0,0,0,0,0,0,0,0,0,0,0,0,0,1,0,0,0
Insecta,Coleoptera,Scarabaeidae,Melolonthinae,Serica,Serica sericea,Serica sericea,0,0,0,0,0,0,0,0,0,0,0,0,0,0,0,0,0,0,0,0,0,0,0,0,0,0,0,0,0,0,0,0,0,0,0,0,0,0,0,0,0,0,0,0,0,0,0,0,0,0,0,0,0,0,0,0,0,0,0,0,0,0,0,0,0,0,0,0,1,0,0,0
Insecta,Coleoptera,Tenebrionidae,Tenebrioninae,Centronopus,Centronopus calcaratus,Centronopus calcaratus,0,0,0,0,0,0,0,0,0,0,0,0,0,0,0,0,0,0,0,0,0,0,0,0,0,0,0,0,0,0,0,0,0,0,0,0,0,0,0,0,0,0,0,0,0,0,0,0,0,0,0,0,0,0,0,0,0,0,0,0,0,0,0,0,0,0,0,0,1,0,0,0
Insecta,Coleoptera,Cerambycidae,Cerambycinae,Anelaphus,Anelaphus villosus,Anelaphus villosus,0,0,0,0,0,0,0,0,0,0,0,0,0,0,0,0,0,0,0,0,0,0,0,0,0,0,0,0,0,0,0,0,0,0,0,0,0,0,0,0,0,0,0,0,0,0,0,0,0,0,0,0,0,0,0,0,0,0,0,0,0,0,0,0,0,0,0,0,0,1,0,0
Insecta,Coleoptera,Chrysomelidae,Eumolpinae,NA,NA,Eumolpinae gen. sp.,0,0,0,0,0,0,0,0,0,0,0,0,0,0,0,0,0,0,0,0,0,0,0,0,0,0,0,0,0,0,0,0,0,0,0,0,0,0,0,0,0,0,0,0,0,0,0,0,0,0,0,0,0,0,0,0,0,0,0,0,0,0,0,0,0,0,0,0,0,4,0,0
Insecta,Coleoptera,Elateridae,Dendrometrinae,Hemicrepidius,Hemicrepidius decoloratus,Hemicrepidius decoloratus,0,0,0,0,0,0,0,0,0,0,0,0,0,0,0,0,0,0,0,0,0,0,0,0,0,0,0,0,0,0,0,0,0,0,0,0,0,0,0,0,0,0,0,0,0,0,0,0,0,0,0,0,0,0,0,0,0,0,0,0,0,0,0,0,0,0,0,0,0,1,0,0
Insecta,Coleoptera,Endomychidae,Endomychinae,Endomychus,Endomychus biguttatus,Endomychus biguttatus,0,0,0,0,0,0,0,0,0,0,0,0,0,0,0,0,0,0,0,0,0,0,0,0,0,0,0,0,0,0,0,0,0,0,0,0,0,0,0,0,0,0,0,0,0,0,0,0,0,0,0,0,0,0,0,0,0,0,0,0,0,0,0,0,0,0,0,0,0,1,0,0
Insecta,Hemiptera,Miridae,Mirinae,Phytocoris,NA,Phytocoris sp.,0,0,0,0,0,0,0,0,0,0,0,0,0,0,0,0,0,0,0,0,0,0,0,0,0,0,0,0,0,0,0,0,0,0,0,0,0,0,0,0,0,0,0,0,0,0,0,0,0,0,0,0,0,0,0,0,0,0,0,0,0,0,0,0,0,0,0,0,0,1,0,0
Insecta,Coleoptera,Lampyridae,Lampyrinae,Photinus,NA,Photinus sp.,0,0,0,0,0,0,0,0,0,0,0,0,0,0,0,0,0,0,0,0,0,0,0,0,0,0,0,0,0,0,0,0,0,0,0,0,0,0,0,0,0,0,0,0,0,0,0,0,0,0,0,0,0,0,0,0,0,0,0,0,0,0,0,0,0,0,0,0,0,0,0,1
